;Plaats_Op_Lijst;Kandidaat;Geslacht;# stemmen partij;# stemmen kandidaat;Partij;Zetels;Peiling;Aantal Mannen;Aantal Vrouwen;Man_stem_percentage;Vrouw_stem_percentage;Max_Vrouwen_Volgens_Peilingen;Gekozen;aantal mannen
0;1;H.C.M. (Henk) Krol;M;177631;148273;50PLUS;2;2;26;8;49;51;2;1.0;26
1;2;N.P.M. (Norbert) Klein;M;177631;3511;50PLUS;2;2;26;8;49;51;2;1.0;26
2;3;M.H.H. (Martine) Baay-Timmerman;V;177631;7123;50PLUS;2;2;26;8;49;51;2;0.0;26
3;4;W. (Willem) Herrebrugh;M;177631;816;50PLUS;2;2;26;8;49;51;2;0.0;26
4;5;W.A.A.M. (Wim) van Overveld;M;177631;845;50PLUS;2;2;26;8;49;51;2;0.0;26
5;6;K.L.R. (Roy) Ho Ten Soeng;M;177631;2654;50PLUS;2;2;26;8;49;51;2;0.0;26
6;7;M.W.E. (Monique) van de Griendt;V;177631;1941;50PLUS;2;2;26;8;49;51;2;0.0;26
7;8;H. (Harry) Siepel;M;177631;997;50PLUS;2;2;26;8;49;51;2;0.0;26
8;9;H. (Harry) Lamberts;M;177631;722;50PLUS;2;2;26;8;49;51;2;0.0;26
9;10;W.M.M. (Mieke) Hoek;V;177631;511;50PLUS;2;2;26;8;49;51;2;0.0;26
10;11;A. (Astrid) Woldinga;V;177631;705;50PLUS;2;2;26;8;49;51;2;0.0;26
11;12;J.W.A. (John) Struijlaard;M;177631;976;50PLUS;2;2;26;8;49;51;2;0.0;26
12;13;R. (Rob) Hompe;M;177631;1097;50PLUS;2;2;26;8;49;51;2;0.0;26
13;14;G.T. (Gerda) Karmelk-Brom;V;177631;477;50PLUS;2;2;26;8;49;51;2;0.0;26
14;15;W. (Willem) Willemse;M;177631;715;50PLUS;2;2;26;8;49;51;2;0.0;26
15;16;A.J.P.F. (Jeannette) de Caluwe;V;177631;804;50PLUS;2;2;26;8;49;51;2;0.0;26
16;17;C.M.I. (Kees) van de Molengraft;M;177631;453;50PLUS;2;2;26;8;49;51;2;0.0;26
17;18;G. (Guido) Brandt Corstius;M;177631;288;50PLUS;2;2;26;8;49;51;2;0.0;26
18;19;J.D. (Jan-Dirk) van Arkel;M;177631;188;50PLUS;2;2;26;8;49;51;2;0.0;26
19;20;W. (Wil) van Soest;V;177631;319;50PLUS;2;2;26;8;49;51;2;0.0;26
20;21;F.E. (Frits) Colnot;M;177631;131;50PLUS;2;2;26;8;49;51;2;0.0;26
21;22;P. (Peter) Pont;M;177631;292;50PLUS;2;2;26;8;49;51;2;0.0;26
22;23;A.I.M. (Lidie) Tax-Philippi;V;177631;107;50PLUS;2;2;26;8;49;51;2;0.0;26
23;24;H.J.C. (Dick) Schouw;M;177631;350;50PLUS;2;2;26;8;49;51;2;0.0;26
24;25;S.M. (Stefano) Erba;M;177631;79;50PLUS;2;2;26;8;49;51;2;0.0;26
25;26;P. (Piet) van 't Wout;M;177631;577;50PLUS;2;2;26;8;49;51;2;0.0;26
26;27;H. (Harry) de Groot;M;177631;373;50PLUS;2;2;26;8;49;51;2;0.0;26
27;28;P.A. (Peter) Prins;M;177631;111;50PLUS;2;2;26;8;49;51;2;0.0;26
28;29;H. (Horst) Oosterveer;M;177631;117;50PLUS;2;2;26;8;49;51;2;0.0;26
29;30;C.J. (Chris) Bakker;M;177631;185;50PLUS;2;2;26;8;49;51;2;0.0;26
30;31;F. (Frans) Dor;M;177631;180;50PLUS;2;2;26;8;49;51;2;0.0;26
31;32;T. (Ton) Luiting;M;177631;118;50PLUS;2;2;26;8;49;51;2;0.0;26
32;33;H.J. (Hylke) ten Cate;M;177631;446;50PLUS;2;2;26;8;49;51;2;0.0;26
33;34;J.G. (Jan) Nagel;M;177631;1150;50PLUS;2;2;26;8;49;51;2;0.0;26
34;1;S. (Sybrand) van Haersma Buma;M;801620;517397;CDA;13;12;39;17;60;40;12;1.0;39
35;2;M.C.G. (Mona) Keijzer;V;801620;127446;CDA;13;12;39;17;60;40;12;1.0;39
36;3;S. (Sander) de Rouwe;M;801620;15814;CDA;13;12;39;17;60;40;12;1.0;39
37;4;R.W. (Raymond) Knops;M;801620;8466;CDA;13;12;39;17;60;40;12;1.0;39
38;5;M.R.J. (Michel) Rog;M;801620;1382;CDA;13;12;39;17;60;40;12;1.0;39
39;6;Y.J. (Eddy) van Hijum;M;801620;2719;CDA;13;12;39;17;60;40;12;1.0;39
40;7;H.G.J. (Hanke) Bruins Slot;V;801620;3765;CDA;13;12;39;17;60;40;12;1.0;39
41;8;J.L. (Jaco) Geurts;M;801620;5648;CDA;13;12;39;17;60;40;12;1.0;39
42;9;A.H. (Agnes) Mulder;V;801620;9824;CDA;13;12;39;17;60;40;12;1.0;39
43;10;P. (Peter) Oskam;M;801620;702;CDA;13;12;39;17;60;40;12;1.0;39
44;11;P.E. (Pieter) Heerma;M;801620;981;CDA;13;12;39;17;60;40;12;1.0;39
45;12;M.M. (Madeleine) van Toorenburg;V;801620;3558;CDA;13;12;39;17;60;40;12;1.0;39
46;13;M.J.F. (Martijn) van Helvert;M;801620;13952;CDA;13;12;39;17;60;40;12;0.0;39
47;14;H.A.G. (Erik) Ronnes;M;801620;3985;CDA;13;12;39;17;60;40;12;0.0;39
48;15;H. (Herma) Boom;V;801620;2578;CDA;13;12;39;17;60;40;12;0.0;39
49;16;M. (Mustafa) Amhaouch;M;801620;1919;CDA;13;12;39;17;60;40;12;0.0;39
50;17;M.C.I. (Marieke) van der Werf;V;801620;809;CDA;13;12;39;17;60;40;12;0.0;39
51;18;B.A. (Bernard) Schermers;M;801620;477;CDA;13;12;39;17;60;40;12;0.0;39
52;19;P.C.A. (Patricia) de Milliano-van den Hemel;V;801620;6104;CDA;13;12;39;17;60;40;12;0.0;39
53;20;M.J. (Marc) Jager;M;801620;5237;CDA;13;12;39;17;60;40;12;0.0;39
54;21;H. (Harry) van der Molen;M;801620;1196;CDA;13;12;39;17;60;40;12;0.0;39
55;22;E.D. (Dinand) Ekkel;M;801620;594;CDA;13;12;39;17;60;40;12;0.0;39
56;23;P. (Arjan) Erkel;M;801620;3515;CDA;13;12;39;17;60;40;12;0.0;39
57;24;T. (Turan) Yazir;M;801620;4158;CDA;13;12;39;17;60;40;12;0.0;39
58;25;M.P.M. (Michiel) Holtackers;M;801620;347;CDA;13;12;39;17;60;40;12;0.0;39
59;26;E. (Elske) van der Mik;V;801620;949;CDA;13;12;39;17;60;40;12;0.0;39
60;27;D.S.C. (Dave) Ensberg-Kleijkers;M;801620;678;CDA;13;12;39;17;60;40;12;0.0;39
61;28;E. (Efstathios) Andreou;M;801620;137;CDA;13;12;39;17;60;40;12;0.0;39
62;29;W.J.F. (Wilma) van der Rijt-van der Kruis;V;801620;970;CDA;13;12;39;17;60;40;12;0.0;39
63;30;T. (Ties) Sweyen;M;801620;732;CDA;13;12;39;17;60;40;12;0.0;39
64;31;A.M.T. (Anne-Marie) Vreman-Muijrers;V;801620;406;CDA;13;12;39;17;60;40;12;0.0;39
65;32;D.Y.S. (Yang Soo) Kloosterhof;M;801620;487;CDA;13;12;39;17;60;40;12;0.0;39
66;33;N.E. (Nelleke) Weltevrede;V;801620;335;CDA;13;12;39;17;60;40;12;0.0;39
67;34;G.A. (Gerben) Karssenberg;M;801620;237;CDA;13;12;39;17;60;40;12;0.0;39
68;35;M. (Merijn) Snoek;M;801620;424;CDA;13;12;39;17;60;40;12;0.0;39
69;36;E. (Ebubekir) Öztüre;M;801620;6003;CDA;13;12;39;17;60;40;12;0.0;39
70;37;J.F. (Han) Hoogma;M;801620;1227;CDA;13;12;39;17;60;40;12;0.0;39
71;38;P.J.H.D. (Ellen) Verkoelen;V;801620;455;CDA;13;12;39;17;60;40;12;0.0;39
72;39;P.H. (Pieter) Omtzigt;M;801620;36750;CDA;13;12;39;17;60;40;12;1.0;39
73;40;J. (Jobke) Vonk-Vedder;V;801620;221;CDA;13;12;39;17;60;40;12;0.0;39
74;41;J.D.W. (Jan) Eerbeek;M;801620;369;CDA;13;12;39;17;60;40;12;0.0;39
75;42;D.W. (Dirk) van der Mast;M;801620;136;CDA;13;12;39;17;60;40;12;0.0;39
76;43;J.C. (Chantal) van Steenderen-Broekhuis;V;801620;228;CDA;13;12;39;17;60;40;12;0.0;39
77;44;J.L.J. (John) van Hal;M;801620;426;CDA;13;12;39;17;60;40;12;0.0;39
78;45;M.S. (Margriet) van de Vooren;V;801620;163;CDA;13;12;39;17;60;40;12;0.0;39
79;47;J.M. (Hans) Moerland;M;801620;129;CDA;13;12;39;17;60;40;12;0.0;39
80;48;G.M. (Geeske) Telgen-Swarts;V;801620;326;CDA;13;12;39;17;60;40;12;0.0;39
81;49;J.S. (Mitra) Rambaran;V;801620;442;CDA;13;12;39;17;60;40;12;0.0;39
82;50;J.D. (Jan) Kramer;M;801620;404;CDA;13;12;39;17;60;40;12;0.0;39
83;51;J.M.A. (Jeffrey) van Agtmaal;M;801620;820;CDA;13;12;39;17;60;40;12;0.0;39
84;52;A.P. (Fons) d' Haens;M;801620;1246;CDA;13;12;39;17;60;40;12;0.0;39
85;53;R. (Remko) ten Barge;M;801620;2918;CDA;13;12;39;17;60;40;12;0.0;39
86;54;J. (Jan-Jaap) de Haan;M;801620;177;CDA;13;12;39;17;60;40;12;0.0;39
87;55;G. (Gert) Boeve;M;801620;105;CDA;13;12;39;17;60;40;12;0.0;39
88;56;E. (Erik) de Ridder;M;801620;205;CDA;13;12;39;17;60;40;12;0.0;39
89;57;H.M. (Hugo) de Jonge;M;801620;545;CDA;13;12;39;17;60;40;12;0.0;39
90;1;A. (Arie) Slob;M;294586;229664;ChristenUnie;5;5;36;14;37;63;5;1.0;36
91;2;J.S. (Joël) Voordewind;M;294586;13877;ChristenUnie;5;5;36;14;37;63;5;1.0;36
92;3;C.J. (Carola) Schouten;V;294586;16507;ChristenUnie;5;5;36;14;37;63;5;1.0;36
93;4;G.M. (Gert-Jan) Segers;M;294586;2992;ChristenUnie;5;5;36;14;37;63;5;1.0;36
94;5;R.K. (Carla) Dik-Faber;V;294586;2604;ChristenUnie;5;5;36;14;37;63;5;1.0;36
95;6;E.E.W. (Eppo) Bruins;M;294586;1152;ChristenUnie;5;5;36;14;37;63;5;0.0;36
96;7;H. (Herman) Wegter;M;294586;4672;ChristenUnie;5;5;36;14;37;63;5;0.0;36
97;8;A. (Anja) Haga;V;294586;2262;ChristenUnie;5;5;36;14;37;63;5;0.0;36
98;9;I.S. (Ixora) Balootje;V;294586;2111;ChristenUnie;5;5;36;14;37;63;5;0.0;36
99;10;A. (Ard) Kleijer;M;294586;923;ChristenUnie;5;5;36;14;37;63;5;0.0;36
100;11;J. (Jan) de Wit;M;294586;457;ChristenUnie;5;5;36;14;37;63;5;0.0;36
101;12;M.A. (Martine) Vonk;V;294586;1230;ChristenUnie;5;5;36;14;37;63;5;0.0;36
102;13;B.D. (Bert) Tijhof;M;294586;1338;ChristenUnie;5;5;36;14;37;63;5;0.0;36
103;14;P. (Paul) Blokhuis;M;294586;615;ChristenUnie;5;5;36;14;37;63;5;0.0;36
104;15;A.B.M. (Arnout) van Kempen;M;294586;370;ChristenUnie;5;5;36;14;37;63;5;0.0;36
105;16;J.A. (Jacqueline) Koops-Scheele;V;294586;278;ChristenUnie;5;5;36;14;37;63;5;0.0;36
106;17;C.P. (Onno) van Schayck;M;294586;307;ChristenUnie;5;5;36;14;37;63;5;0.0;36
107;18;H.C. (Hugo) Scherff;M;294586;443;ChristenUnie;5;5;36;14;37;63;5;0.0;36
108;19;H.A. (Harmke) Vlieg-Kempe;V;294586;637;ChristenUnie;5;5;36;14;37;63;5;0.0;36
109;20;B. (Ben) Visser;M;294586;540;ChristenUnie;5;5;36;14;37;63;5;0.0;36
110;21;H.H.J. (Hugo) Veldhuizen;M;294586;142;ChristenUnie;5;5;36;14;37;63;5;0.0;36
111;22;S.J.F. (Stieneke) van der Graaf;V;294586;875;ChristenUnie;5;5;36;14;37;63;5;0.0;36
112;23;H.J. (Hermen) Vreugdenhil;M;294586;236;ChristenUnie;5;5;36;14;37;63;5;0.0;36
113;24;P. (Piet) Adema;M;294586;502;ChristenUnie;5;5;36;14;37;63;5;0.0;36
114;25;A.P. (Arjan) Beekman;M;294586;941;ChristenUnie;5;5;36;14;37;63;5;0.0;36
115;26;J.C.R. (Jurgen) van Houdt;M;294586;370;ChristenUnie;5;5;36;14;37;63;5;0.0;36
116;27;R. (Remco) van Mulligen;M;294586;216;ChristenUnie;5;5;36;14;37;63;5;0.0;36
117;28;H.A.C. (Jet) Weigand-Timmer;V;294586;164;ChristenUnie;5;5;36;14;37;63;5;0.0;36
118;29;R.J. (Reinier) Koppelaar;M;294586;145;ChristenUnie;5;5;36;14;37;63;5;0.0;36
119;30;J.M.J. (Janny) Joosten-Leijendekker;V;294586;244;ChristenUnie;5;5;36;14;37;63;5;0.0;36
120;31;M.H. (Mirjam) Bikker;V;294586;298;ChristenUnie;5;5;36;14;37;63;5;0.0;36
121;32;P. (Pieter) Plug;M;294586;267;ChristenUnie;5;5;36;14;37;63;5;0.0;36
122;33;G. (Bert) Koops;M;294586;251;ChristenUnie;5;5;36;14;37;63;5;0.0;36
123;34;J.M. (Martin) Schuurman;M;294586;124;ChristenUnie;5;5;36;14;37;63;5;0.0;36
124;35;K. (Klaas) Harink;M;294586;254;ChristenUnie;5;5;36;14;37;63;5;0.0;36
125;36;R.A. (Reinier) van Hoffen;M;294586;116;ChristenUnie;5;5;36;14;37;63;5;0.0;36
126;37;R.A. (Ron) de Rover;M;294586;207;ChristenUnie;5;5;36;14;37;63;5;0.0;36
127;38;M.J. (Marjolein) Busstra;V;294586;140;ChristenUnie;5;5;36;14;37;63;5;0.0;36
128;39;S.J. (Simone) Kennedy-Doornbos;V;294586;175;ChristenUnie;5;5;36;14;37;63;5;0.0;36
129;40;A.J. (Arne) Schaddelee;M;294586;168;ChristenUnie;5;5;36;14;37;63;5;0.0;36
130;41;A. (André) Oldenkamp;M;294586;103;ChristenUnie;5;5;36;14;37;63;5;0.0;36
131;42;J.J. (Jaap) van Ginkel;M;294586;145;ChristenUnie;5;5;36;14;37;63;5;0.0;36
132;43;B. (Bart) Jaspers Faijer;M;294586;265;ChristenUnie;5;5;36;14;37;63;5;0.0;36
133;44;E.W. (Ed) Anker;M;294586;225;ChristenUnie;5;5;36;14;37;63;5;0.0;36
134;45;J.A. (Jantien) Fröling-Kok;V;294586;184;ChristenUnie;5;5;36;14;37;63;5;0.0;36
135;46;F.J. (Freek) Dommerholt;M;294586;202;ChristenUnie;5;5;36;14;37;63;5;0.0;36
136;47;F.C. (Frank) Visser;M;294586;245;ChristenUnie;5;5;36;14;37;63;5;0.0;36
137;48;D.G. (Dick) Schutte;M;294586;141;ChristenUnie;5;5;36;14;37;63;5;0.0;36
138;49;O.E. (Orlando) Bottenbley;M;294586;2333;ChristenUnie;5;5;36;14;37;63;5;0.0;36
139;50;A. (Arie) van der Veer;M;294586;1929;ChristenUnie;5;5;36;14;37;63;5;0.0;36
140;1;A. (Alexander) Pechtold;M;757091;586454;D66;12;11;32;17;58;42;11;1.0;32
141;2;S. (Stientje) van Veldhoven-van der Meer;V;757091;71170;D66;12;11;32;17;58;42;11;1.0;32
142;3;W. (Wouter) Koolmees;M;757091;10413;D66;12;11;32;17;58;42;11;1.0;32
143;4;K. (Kees) Verhoeven;M;757091;3594;D66;12;11;32;17;58;42;11;1.0;32
144;5;V.A. (Vera) Bergkamp;V;757091;15387;D66;12;11;32;17;58;42;11;1.0;32
145;6;A.G. (Gerard) Schouw;M;757091;1435;D66;12;11;32;17;58;42;11;1.0;32
146;7;P.H. (Paul) van Meenen;M;757091;1802;D66;12;11;32;17;58;42;11;1.0;32
147;8;S.P.R.A. (Steven) van Weyenberg;M;757091;989;D66;12;11;32;17;58;42;11;1.0;32
148;9;P.A. (Pia) Dijkstra;V;757091;24886;D66;12;11;32;17;58;42;11;1.0;32
149;10;M.A. (Magda) Berndsen-Jansen;V;757091;2472;D66;12;11;32;17;58;42;11;1.0;32
150;11;S.W. (Sjoerd Wiemer) Sjoerdsma;M;757091;1569;D66;12;11;32;17;58;42;11;1.0;32
151;12;W. (Wassila) Hachchi;V;757091;4737;D66;12;11;32;17;58;42;11;1.0;32
152;13;J.C.M. (Judith) Swinkels;V;757091;2151;D66;12;11;32;17;58;42;11;0.0;32
153;14;S. (Salima) Belhaj;V;757091;2345;D66;12;11;32;17;58;42;11;0.0;32
154;15;M. (Maarten) Groothuizen;M;757091;1264;D66;12;11;32;17;58;42;11;0.0;32
155;16;M. (Michiel) Verkoulen;M;757091;1086;D66;12;11;32;17;58;42;11;0.0;32
156;17;F.M. (Femke) Dingemans;V;757091;1903;D66;12;11;32;17;58;42;11;0.0;32
157;18;T. (Ton) Monasso;M;757091;510;D66;12;11;32;17;58;42;11;0.0;32
158;19;J.C.M. (Jacqueline) Versteeg;V;757091;811;D66;12;11;32;17;58;42;11;0.0;32
159;20;P.J.L.M. (Paul) de Beer;M;757091;890;D66;12;11;32;17;58;42;11;0.0;32
160;21;T. (Thessa) van der Windt;V;757091;838;D66;12;11;32;17;58;42;11;0.0;32
161;22;B.L. (Bart) Vink;M;757091;485;D66;12;11;32;17;58;42;11;0.0;32
162;23;G. (Gökhan) Çoban;M;757091;1625;D66;12;11;32;17;58;42;11;0.0;32
163;24;E.J. (Eelco) Keij;M;757091;1620;D66;12;11;32;17;58;42;11;0.0;32
164;25;G.J.P.M. (Guido) Corten;M;757091;1252;D66;12;11;32;17;58;42;11;0.0;32
165;26;F.C. (Frank) van Oirschot;M;757091;214;D66;12;11;32;17;58;42;11;0.0;32
166;27;S. (Sina) Salim;M;757091;377;D66;12;11;32;17;58;42;11;0.0;32
167;28;J.D. (Doede) de Vries;M;757091;1627;D66;12;11;32;17;58;42;11;0.0;32
168;29;A.G.W. (Anneke) Groen;V;757091;478;D66;12;11;32;17;58;42;11;0.0;32
169;30;H.M. (Hélène) Steenhoff;V;757091;243;D66;12;11;32;17;58;42;11;0.0;32
170;31;T.C. (Thomas) Walder;M;757091;649;D66;12;11;32;17;58;42;11;0.0;32
171;32;B. (Bart) van Grevenhof;M;757091;144;D66;12;11;32;17;58;42;11;0.0;32
172;33;P.W.L. (Pim) de Kuijer;M;757091;172;D66;12;11;32;17;58;42;11;0.0;32
173;34;C.J. (Caecilia) van Peski;V;757091;460;D66;12;11;32;17;58;42;11;0.0;32
174;35;S.T. (Sabine) Verschoor;V;757091;455;D66;12;11;32;17;58;42;11;0.0;32
175;36;M.A. (Michiel) Rijsberman;M;757091;236;D66;12;11;32;17;58;42;11;0.0;32
176;37;J.C. (Joost) Koomen;M;757091;165;D66;12;11;32;17;58;42;11;0.0;32
177;38;B.T. (Bastiaan) Winkel;M;757091;210;D66;12;11;32;17;58;42;11;0.0;32
178;39;D.C. (Dilia) Leitner;V;757091;210;D66;12;11;32;17;58;42;11;0.0;32
179;40;R.J. (Robert) van Asten;M;757091;256;D66;12;11;32;17;58;42;11;0.0;32
180;41;E. (Ellenus) Venema;M;757091;358;D66;12;11;32;17;58;42;11;0.0;32
181;42;J.C. (Joris) Visser;M;757091;193;D66;12;11;32;17;58;42;11;0.0;32
182;43;H. (Huub) Halsema;M;757091;300;D66;12;11;32;17;58;42;11;0.0;32
183;44;G.J. (Gijs) van Loef;M;757091;140;D66;12;11;32;17;58;42;11;0.0;32
184;45;C.W. (Kees) de Zeeuw;M;757091;236;D66;12;11;32;17;58;42;11;0.0;32
185;46;L. (Laurens) Verspuij;M;757091;162;D66;12;11;32;17;58;42;11;0.0;32
186;47;P.F. (Pieter) de Groene;M;757091;160;D66;12;11;32;17;58;42;11;0.0;32
187;48;L.J. (Linda) Carton;V;757091;474;D66;12;11;32;17;58;42;11;0.0;32
188;49;J.C. (Rineke) Gieske-Mastenbroek;V;757091;2367;D66;12;11;32;17;58;42;11;0.0;32
189;1;J.C.M. (Jolande) Sap;V;219896;171971;GROENLINKS;4;4;24;18;52;48;4;1.0;24
190;2;A. (Bram) van Ojik;M;219896;4639;GROENLINKS;4;4;24;18;52;48;4;1.0;24
191;3;L. (Liesbeth) van Tongeren;V;219896;10205;GROENLINKS;4;4;24;18;52;48;4;1.0;24
192;4;J.F. (Jesse) Klaver;M;219896;3351;GROENLINKS;4;4;24;18;52;48;4;1.0;24
193;5;L.G.J. (Linda) Voortman;V;219896;4477;GROENLINKS;4;4;24;18;52;48;4;0.0;24
194;6;H.J. (Rik) Grashoff;M;219896;1764;GROENLINKS;4;4;24;18;52;48;4;0.0;24
195;7;A. (Arjan) El Fassed;M;219896;1481;GROENLINKS;4;4;24;18;52;48;4;0.0;24
196;8;C.N. (Niels) van den Berge;M;219896;488;GROENLINKS;4;4;24;18;52;48;4;0.0;24
197;9;C.E. (Corinne) de Jonge van Ellemeet;V;219896;1127;GROENLINKS;4;4;24;18;52;48;4;0.0;24
198;10;T. (Tofik) Dibi;M;219896;5400;GROENLINKS;4;4;24;18;52;48;4;0.0;24
199;11;P. (Paulus) de Wilt;M;219896;248;GROENLINKS;4;4;24;18;52;48;4;0.0;24
200;12;H. (Hayat) Barrahmun;V;219896;1440;GROENLINKS;4;4;24;18;52;48;4;0.0;24
201;13;K. (Kees) Diepeveen;M;219896;282;GROENLINKS;4;4;24;18;52;48;4;0.0;24
202;14;A.B. (Anne) Scheltema Beduin;V;219896;714;GROENLINKS;4;4;24;18;52;48;4;0.0;24
203;15;D. (Dirk) van den Bosch;M;219896;177;GROENLINKS;4;4;24;18;52;48;4;0.0;24
204;16;H. (Huri) Sahin;V;219896;860;GROENLINKS;4;4;24;18;52;48;4;0.0;24
205;17;E.M. (Lisa) Westerveld;V;219896;1458;GROENLINKS;4;4;24;18;52;48;4;0.0;24
206;18;I.M. (Inge) Vianen;V;219896;434;GROENLINKS;4;4;24;18;52;48;4;0.0;24
207;19;M.C. (Marry) Mos;V;219896;342;GROENLINKS;4;4;24;18;52;48;4;0.0;24
208;20;M.R. (Miguel) Heilbron;M;219896;326;GROENLINKS;4;4;24;18;52;48;4;0.0;24
209;21;V.A.M. (Volkert) Vintges;M;219896;245;GROENLINKS;4;4;24;18;52;48;4;0.0;24
210;22;C. (Christiaan) Kwint;M;219896;191;GROENLINKS;4;4;24;18;52;48;4;0.0;24
211;23;J.I. (Jan) van de Venis;M;219896;162;GROENLINKS;4;4;24;18;52;48;4;0.0;24
212;24;A.C. (Bert) Jongert;M;219896;169;GROENLINKS;4;4;24;18;52;48;4;0.0;24
213;25;C.J. (Carel) Bruring;M;219896;310;GROENLINKS;4;4;24;18;52;48;4;0.0;24
214;26;I. (Irona) Groeneveld;V;219896;578;GROENLINKS;4;4;24;18;52;48;4;0.0;24
215;27;C.T. (Karin) Dekker;V;219896;791;GROENLINKS;4;4;24;18;52;48;4;0.0;24
216;28;G.H. (Gea) Smith;V;219896;333;GROENLINKS;4;4;24;18;52;48;4;0.0;24
217;29;H.J. (Henk) Nijhof;M;219896;368;GROENLINKS;4;4;24;18;52;48;4;0.0;24
218;30;S.W. (Sebastiaan) van 't Erve;M;219896;137;GROENLINKS;4;4;24;18;52;48;4;0.0;24
219;31;R. (Ruud) Pet;M;219896;172;GROENLINKS;4;4;24;18;52;48;4;0.0;24
220;32;P. (Pascalle) Georgopoulos;V;219896;226;GROENLINKS;4;4;24;18;52;48;4;0.0;24
221;33;A. (Ahmed) Harika;M;219896;419;GROENLINKS;4;4;24;18;52;48;4;0.0;24
222;34;M. (Thijs) de la Court;M;219896;179;GROENLINKS;4;4;24;18;52;48;4;0.0;24
223;35;B.S. (Bart) Eigeman;M;219896;419;GROENLINKS;4;4;24;18;52;48;4;0.0;24
224;36;G.J. (Gerdo) van Grootheest;M;219896;369;GROENLINKS;4;4;24;18;52;48;4;0.0;24
225;37;J. (Judith) Sargentini;V;219896;246;GROENLINKS;4;4;24;18;52;48;4;0.0;24
226;38;B. (Bas) Eickhout;M;219896;159;GROENLINKS;4;4;24;18;52;48;4;0.0;24
227;39;M. (Marije) Cornelissen;V;219896;130;GROENLINKS;4;4;24;18;52;48;4;0.0;24
228;40;K.M. (Kathalijne) Buitenweg;V;219896;573;GROENLINKS;4;4;24;18;52;48;4;0.0;24
229;41;P. (Pascal) ten Have;M;219896;148;GROENLINKS;4;4;24;18;52;48;4;0.0;24
230;42;A.C. (Andrée) van Es;V;219896;2388;GROENLINKS;4;4;24;18;52;48;4;0.0;24
231;1;M.L. (Marianne) Thieme;V;182162;154155;Partij voor de Dieren;2;3;11;14;49;51;3;1.0;11
232;2;E. (Esther) Ouwehand;V;182162;11573;Partij voor de Dieren;2;3;11;14;49;51;3;1.0;11
233;3;F.P. (Frank) Wassenberg;M;182162;2677;Partij voor de Dieren;2;3;11;14;49;51;3;0.0;11
234;4;A.A.H. (Anja) Hazekamp;V;182162;1575;Partij voor de Dieren;2;3;11;14;49;51;3;0.0;11
235;5;J.F.W. (Johnas) van Lammeren;M;182162;1320;Partij voor de Dieren;2;3;11;14;49;51;3;0.0;11
236;6;A.E. (Bram) van Liere;M;182162;620;Partij voor de Dieren;2;3;11;14;49;51;3;0.0;11
237;7;B.E.J.M. (Birgit) Verstappen;V;182162;844;Partij voor de Dieren;2;3;11;14;49;51;3;0.0;11
238;8;G.J. (Gerjan) Kelder;M;182162;693;Partij voor de Dieren;2;3;11;14;49;51;3;0.0;11
239;9;L.R. (Luuk) van der Veer;M;182162;450;Partij voor de Dieren;2;3;11;14;49;51;3;0.0;11
240;10;D.W. (Diederik) van Liere;M;182162;444;Partij voor de Dieren;2;3;11;14;49;51;3;0.0;11
241;11;I. (Ida) Been;V;182162;651;Partij voor de Dieren;2;3;11;14;49;51;3;0.0;11
242;12;A.C. (Corinne) Cornelisse;V;182162;538;Partij voor de Dieren;2;3;11;14;49;51;3;0.0;11
243;13;T.A.O. (Trees) Janssens;V;182162;601;Partij voor de Dieren;2;3;11;14;49;51;3;0.0;11
244;14;A.M.E. (Annemarie) van Gelder;V;182162;548;Partij voor de Dieren;2;3;11;14;49;51;3;0.0;11
245;15;S.H.D. (Harry) Voss;M;182162;642;Partij voor de Dieren;2;3;11;14;49;51;3;0.0;11
246;16;M.J.E. (Marieke) de Groot;V;182162;734;Partij voor de Dieren;2;3;11;14;49;51;3;0.0;11
247;17;F. (Floriske) van Leeuwen;V;182162;375;Partij voor de Dieren;2;3;11;14;49;51;3;0.0;11
248;18;A.J. (Ton) Dekker;M;182162;328;Partij voor de Dieren;2;3;11;14;49;51;3;0.0;11
249;19;E.B. (Erno) Eskens;M;182162;234;Partij voor de Dieren;2;3;11;14;49;51;3;0.0;11
250;20;P. (Pablo) Moleman;M;182162;330;Partij voor de Dieren;2;3;11;14;49;51;3;0.0;11
251;21;M.C. (Melissa) Bax;V;182162;425;Partij voor de Dieren;2;3;11;14;49;51;3;0.0;11
252;22;J. (Ingrid) Ramaan;V;182162;579;Partij voor de Dieren;2;3;11;14;49;51;3;0.0;11
253;23;L.M.C. (Laura) Straver;V;182162;389;Partij voor de Dieren;2;3;11;14;49;51;3;0.0;11
254;24;E.J.G. (Janet) de Jong;V;182162;440;Partij voor de Dieren;2;3;11;14;49;51;3;0.0;11
255;25;J.P. (Jan Peter) Cruiming;M;182162;997;Partij voor de Dieren;2;3;11;14;49;51;3;0.0;11
256;1;D.M. (Diederik) Samsom;M;2340750;1809856;PVDA;38;36;37;37;48;52;36;1.0;37
257;2;J. (Jetta) Klijnsma;V;2340750;192190;PVDA;38;36;37;37;48;52;36;1.0;37
258;3;R.H.A. (Ronald) Plasterk;M;2340750;58427;PVDA;38;36;37;37;48;52;36;1.0;37
259;4;T.M. (Tanja) Jadnanansing;V;2340750;28704;PVDA;38;36;37;37;48;52;36;1.0;37
260;5;J.R.V.A. (Jeroen) Dijsselbloem;M;2340750;4336;PVDA;38;36;37;37;48;52;36;1.0;37
261;6;M.I. (Mariëtte) Hamer;V;2340750;8744;PVDA;38;36;37;37;48;52;36;1.0;37
262;7;M.H.P. (Martijn) van Dam;M;2340750;4531;PVDA;38;36;37;37;48;52;36;1.0;37
263;8;F.C.G.M. (Frans) Timmermans;M;2340750;15150;PVDA;38;36;37;37;48;52;36;1.0;37
264;9;D.E. (Désirée) Bonis;V;2340750;3830;PVDA;38;36;37;37;48;52;36;1.0;37
265;10;J.W.M. (John) Kerstens;M;2340750;3050;PVDA;38;36;37;37;48;52;36;1.0;37
266;11;L. (Lutz) Jacobi;V;2340750;16082;PVDA;38;36;37;37;48;52;36;1.0;37
267;12;R.A. (Roos) Vermeij;V;2340750;2370;PVDA;38;36;37;37;48;52;36;1.0;37
268;13;H. (Henk) Nijboer;M;2340750;6448;PVDA;38;36;37;37;48;52;36;1.0;37
269;14;A. (Ahmed) Marcouch;M;2340750;13289;PVDA;38;36;37;37;48;52;36;1.0;37
270;15;A.M.C. (Angelien) Eijsink;V;2340750;1949;PVDA;38;36;37;37;48;52;36;1.0;37
271;16;M. (Myrthe) Hilkens;V;2340750;2279;PVDA;38;36;37;37;48;52;36;1.0;37
272;17;M. (Michiel) Servaes;M;2340750;658;PVDA;38;36;37;37;48;52;36;1.0;37
273;18;L.T. (Lea) Bouwmeester;V;2340750;3451;PVDA;38;36;37;37;48;52;36;1.0;37
274;19;J.S. (Jacques) Monasch;M;2340750;2193;PVDA;38;36;37;37;48;52;36;1.0;37
275;20;M.L. (Mei Li) Vos;V;2340750;8541;PVDA;38;36;37;37;48;52;36;1.0;37
276;21;J. (Jeroen) Recourt;M;2340750;789;PVDA;38;36;37;37;48;52;36;1.0;37
277;22;A.G. (Agnes) Wolbert;V;2340750;5207;PVDA;38;36;37;37;48;52;36;1.0;37
278;23;V.A. (Ed) Groot;M;2340750;598;PVDA;38;36;37;37;48;52;36;1.0;37
279;24;A.H. (Attje) Kuiken;V;2340750;3247;PVDA;38;36;37;37;48;52;36;1.0;37
280;25;P.M.M. (Pierre) Heijnen;M;2340750;896;PVDA;38;36;37;37;48;52;36;1.0;37
281;26;K. (Keklik) Demir-Yücel;V;2340750;8403;PVDA;38;36;37;37;48;52;36;1.0;37
282;27;T. (Tunahan) Kuzu;M;2340750;23067;PVDA;38;36;37;37;48;52;36;1.0;37
283;28;L. (Loes) Ypma;V;2340750;2569;PVDA;38;36;37;37;48;52;36;1.0;37
284;29;A.A. (Albert) de Vries;M;2340750;4664;PVDA;38;36;37;37;48;52;36;1.0;37
285;30;K. (Khadija) Arib;V;2340750;6625;PVDA;38;36;37;37;48;52;36;1.0;37
286;31;O.E.T. (Otwin) van Dijk;M;2340750;6884;PVDA;38;36;37;37;48;52;36;1.0;37
287;32;H. (Manon) Fokke;V;2340750;3732;PVDA;38;36;37;37;48;52;36;1.0;37
288;33;M. (Mohamed) Mohandis;M;2340750;5413;PVDA;38;36;37;37;48;52;36;1.0;37
289;34;S.W. (Sjoera) Dikkers;V;2340750;871;PVDA;38;36;37;37;48;52;36;1.0;37
290;35;T.R. (Tjeerd) van Dekken;M;2340750;5176;PVDA;38;36;37;37;48;52;36;1.0;37
291;36;R.F.A. (Astrid) Oosenbrug-Blokland;V;2340750;980;PVDA;38;36;37;37;48;52;36;1.0;37
292;37;J.C. (Jan) Vos;M;2340750;508;PVDA;38;36;37;37;48;52;36;1.0;37
293;38;M.E. (Marit) Maij;V;2340750;576;PVDA;38;36;37;37;48;52;36;1.0;37
294;39;S. (Selcuk) Öztürk;M;2340750;9831;PVDA;38;36;37;37;48;52;36;0.0;37
295;40;G.S.I.A. (Grace) Tanamal;V;2340750;867;PVDA;38;36;37;37;48;52;36;0.0;37
296;41;D. (Duco) Hoogland;M;2340750;692;PVDA;38;36;37;37;48;52;36;0.0;37
297;42;S. (Sultan) Günal-Gezer;V;2340750;1990;PVDA;38;36;37;37;48;52;36;0.0;37
298;43;R.P. (Roelof) van Laar;M;2340750;392;PVDA;38;36;37;37;48;52;36;0.0;37
299;44;Y. (Yasemin) Cegerek;V;2340750;3377;PVDA;38;36;37;37;48;52;36;0.0;37
300;45;Y. (Yasin) Torunoglu;M;2340750;3277;PVDA;38;36;37;37;48;52;36;0.0;37
301;46;M.J. (Marith) Rebel-Volp;V;2340750;623;PVDA;38;36;37;37;48;52;36;0.0;37
302;47;H.J.M. (Henk) Leenders;M;2340750;417;PVDA;38;36;37;37;48;52;36;0.0;37
303;48;J.G.P. (Joyce) Vermue;V;2340750;626;PVDA;38;36;37;37;48;52;36;0.0;37
304;49;H. (Harm) Brouwer;M;2340750;431;PVDA;38;36;37;37;48;52;36;0.0;37
305;50;A.A. (Amma) Asante;V;2340750;4549;PVDA;38;36;37;37;48;52;36;0.0;37
306;51;R. (Rien) van der Velde;M;2340750;2339;PVDA;38;36;37;37;48;52;36;0.0;37
307;52;N. (Nurten) Karisli;V;2340750;5243;PVDA;38;36;37;37;48;52;36;0.0;37
308;53;E. (Emre) Ünver;M;2340750;2016;PVDA;38;36;37;37;48;52;36;0.0;37
309;54;E.G. (Eefke) Meijerink;V;2340750;985;PVDA;38;36;37;37;48;52;36;0.0;37
310;55;A.H. (Alvin) Riley;M;2340750;473;PVDA;38;36;37;37;48;52;36;0.0;37
311;56;A.L. (Anne) Koning;V;2340750;528;PVDA;38;36;37;37;48;52;36;0.0;37
312;57;F.T.S. (Fijko) van der Laan;M;2340750;349;PVDA;38;36;37;37;48;52;36;0.0;37
313;58;A. (Anne) de Rooij;V;2340750;338;PVDA;38;36;37;37;48;52;36;0.0;37
314;59;P.J. (Paul) van Liempd;M;2340750;433;PVDA;38;36;37;37;48;52;36;0.0;37
315;60;M.W. (Marleen) Haage;V;2340750;548;PVDA;38;36;37;37;48;52;36;0.0;37
316;61;W.M. (Marijn) van Ballegooijen;M;2340750;361;PVDA;38;36;37;37;48;52;36;0.0;37
317;62;G. (Gritta) Nottelman;V;2340750;284;PVDA;38;36;37;37;48;52;36;0.0;37
318;63;E. (Bert) Hemsteede;M;2340750;248;PVDA;38;36;37;37;48;52;36;0.0;37
319;64;J.M. (Anne Marie) Hoogland;V;2340750;256;PVDA;38;36;37;37;48;52;36;0.0;37
320;65;P. (Peter) de Haan;M;2340750;335;PVDA;38;36;37;37;48;52;36;0.0;37
321;66;F.F. (Femke) van Drooge;V;2340750;401;PVDA;38;36;37;37;48;52;36;0.0;37
322;67;Y.M.M. (Yvonne) Morselt-de Ruijter;V;2340750;419;PVDA;38;36;37;37;48;52;36;0.0;37
323;68;E.H. (Ward) Deckers;M;2340750;308;PVDA;38;36;37;37;48;52;36;0.0;37
324;69;A.H.G. (Anja) van Zantvoort;V;2340750;275;PVDA;38;36;37;37;48;52;36;0.0;37
325;70;E.M. (Marieke) van Duijn;V;2340750;267;PVDA;38;36;37;37;48;52;36;0.0;37
326;71;X.J. (Xander) den Uijl;M;2340750;324;PVDA;38;36;37;37;48;52;36;0.0;37
327;72;S.E.A. (Saskia) den Uijl;V;2340750;621;PVDA;38;36;37;37;48;52;36;0.0;37
328;73;M. (Mohamed) Allach;M;2340750;1482;PVDA;38;36;37;37;48;52;36;0.0;37
329;74;M. (Maarten) van Rossem;M;2340750;5929;PVDA;38;36;37;37;48;52;36;0.0;37
330;1;G. (Geert) Wilders;M;950263;886314;PVV;15;18;35;14;56;44;14;1.0;35
331;2;M. (Fleur) Agema;V;950263;34943;PVV;15;18;35;14;56;44;14;1.0;35
332;3;M. (Martin) Bosma;M;950263;3808;PVV;15;18;35;14;56;44;14;1.0;35
333;4;L.M.J.S. (Lilian) Helder;V;950263;3794;PVV;15;18;35;14;56;44;14;1.0;35
334;5;L. (Louis) Bontes;M;950263;958;PVV;15;18;35;14;56;44;14;1.0;35
335;6;A.P.C. (Tony) van Dijck;M;950263;590;PVV;15;18;35;14;56;44;14;1.0;35
336;7;S.R. (Sietse) Fritsma;M;950263;644;PVV;15;18;35;14;56;44;14;1.0;35
337;8;B. (Barry) Madlener;M;950263;829;PVV;15;18;35;14;56;44;14;1.0;35
338;9;J.J. (Joram) van Klaveren;M;950263;581;PVV;15;18;35;14;56;44;14;1.0;35
339;10;H.J. (Harm) Beertema;M;950263;433;PVV;15;18;35;14;56;44;14;1.0;35
340;11;D.J.G. (Dion) Graus;M;950263;2387;PVV;15;18;35;14;56;44;14;1.0;35
341;12;R.J. (Reinette) Klever;V;950263;694;PVV;15;18;35;14;56;44;14;1.0;35
342;13;R.A. (Roland) van Vliet;M;950263;1113;PVV;15;18;35;14;56;44;14;1.0;35
343;14;R. (Raymond) de Roon;M;950263;347;PVV;15;18;35;14;56;44;14;1.0;35
344;15;M. (Machiel) de Graaf;M;950263;376;PVV;15;18;35;14;56;44;14;1.0;35
345;16;K. (Karen) Gerbrands;V;950263;342;PVV;15;18;35;14;56;44;14;0.0;35
346;17;L.W.E. (Léon) de Jong;M;950263;435;PVV;15;18;35;14;56;44;14;0.0;35
347;18;V.D.D. (Danai) van Weerdenburg;V;950263;461;PVV;15;18;35;14;56;44;14;0.0;35
348;19;I.H.C. (Ino) van den Besselaar;M;950263;386;PVV;15;18;35;14;56;44;14;0.0;35
349;20;A. (Andre) Elissen;M;950263;221;PVV;15;18;35;14;56;44;14;0.0;35
350;21;V. (Vicky) Maeijer;V;950263;423;PVV;15;18;35;14;56;44;14;0.0;35
351;22;J.H.A. (Johan) Driessen;M;950263;143;PVV;15;18;35;14;56;44;14;0.0;35
352;23;W.R. (Willie) Dille;V;950263;230;PVV;15;18;35;14;56;44;14;0.0;35
353;24;D. (Daniël) ter Haar;M;950263;890;PVV;15;18;35;14;56;44;14;0.0;35
354;25;S.S. (Stephan) Jansen;M;950263;247;PVV;15;18;35;14;56;44;14;0.0;35
355;26;H.W. (Marc) van den Berg;M;950263;362;PVV;15;18;35;14;56;44;14;0.0;35
356;27;A. (Alexander) Kops;M;950263;229;PVV;15;18;35;14;56;44;14;0.0;35
357;28;E. (Edgar) Mulder;M;950263;531;PVV;15;18;35;14;56;44;14;0.0;35
358;29;G.J.F. (Gabriëlle) Popken;V;950263;210;PVV;15;18;35;14;56;44;14;0.0;35
359;30;P.R. (Paul) ter Linden;M;950263;288;PVV;15;18;35;14;56;44;14;0.0;35
360;31;G.P.N. (Gijs) Moonen;M;950263;84;PVV;15;18;35;14;56;44;14;0.0;35
361;32;P. (Patricia) van der Kammen;V;950263;627;PVV;15;18;35;14;56;44;14;0.0;35
362;33;E.J. (Elly) Broere-Kaal;V;950263;212;PVV;15;18;35;14;56;44;14;0.0;35
363;34;A.S. (Addie) Wisse;V;950263;460;PVV;15;18;35;14;56;44;14;0.0;35
364;35;Y.R.K. (Yvonne) Waterman;V;950263;359;PVV;15;18;35;14;56;44;14;0.0;35
365;36;A.W.J.A. (Alexander) van Hattem;M;950263;213;PVV;15;18;35;14;56;44;14;0.0;35
366;37;J.D. (Jenny) Zerfowski;V;950263;210;PVV;15;18;35;14;56;44;14;0.0;35
367;38;A.J.M. (Ton) van Kesteren;M;950263;955;PVV;15;18;35;14;56;44;14;0.0;35
368;39;F. (Floris) van Zonneveld;M;950263;223;PVV;15;18;35;14;56;44;14;0.0;35
369;40;I.B. (Irene) Joosse;V;950263;265;PVV;15;18;35;14;56;44;14;0.0;35
370;41;J.W. (John) van Assendelft;M;950263;136;PVV;15;18;35;14;56;44;14;0.0;35
371;42;M.J. (Martin) van Beek;M;950263;90;PVV;15;18;35;14;56;44;14;0.0;35
372;43;W. (Willem) Boutkan;M;950263;76;PVV;15;18;35;14;56;44;14;0.0;35
373;44;E. (Emiel) van Dijk;M;950263;199;PVV;15;18;35;14;56;44;14;0.0;35
374;45;P. (Peter) van Dijk;M;950263;412;PVV;15;18;35;14;56;44;14;0.0;35
375;46;R. (Ronald) Dol;M;950263;332;PVV;15;18;35;14;56;44;14;0.0;35
376;47;J.J.A.M. (Johannes) van Hooff;M;950263;100;PVV;15;18;35;14;56;44;14;0.0;35
377;48;M.J.R.L. (Marcel) de Graaff;M;950263;157;PVV;15;18;35;14;56;44;14;0.0;35
378;49;R. (Ronald) Sörensen;M;950263;1944;PVV;15;18;35;14;56;44;14;0.0;35
379;1;C.G. (Kees) van der Staaij;M;196780;182189;SGP;3;3;30;0;49;51;0;1.0;30
380;2;E. (Elbert) Dijkgraaf;M;196780;5436;SGP;3;3;30;0;49;51;0;1.0;30
381;3;R. (Roelof) Bisschop;M;196780;2234;SGP;3;3;30;0;49;51;0;1.0;30
382;4;S. (Servaas) Stoop;M;196780;765;SGP;3;3;30;0;49;51;0;0.0;30
383;5;J.P. (Hans) Tanis;M;196780;347;SGP;3;3;30;0;49;51;0;0.0;30
384;6;D.J.H. (Diederik) van Dijk;M;196780;243;SGP;3;3;30;0;49;51;0;0.0;30
385;7;G.P. (Geert) Schipaanboord;M;196780;486;SGP;3;3;30;0;49;51;0;0.0;30
386;8;A. (Arnold) Weggeman;M;196780;256;SGP;3;3;30;0;49;51;0;0.0;30
387;9;W.J. (Wim) van Duijn;M;196780;598;SGP;3;3;30;0;49;51;0;0.0;30
388;10;P.A. (Peter) Zevenbergen;M;196780;204;SGP;3;3;30;0;49;51;0;0.0;30
389;11;A.J.C. (Christian) van Bemmel;M;196780;204;SGP;3;3;30;0;49;51;0;0.0;30
390;12;L. (Leendert) de Knegt;M;196780;426;SGP;3;3;30;0;49;51;0;0.0;30
391;13;S. (Sytse) de Jong;M;196780;321;SGP;3;3;30;0;49;51;0;0.0;30
392;14;M. (Rien) Bogerd;M;196780;519;SGP;3;3;30;0;49;51;0;0.0;30
393;15;D. (Dick) van Meeuwen;M;196780;216;SGP;3;3;30;0;49;51;0;0.0;30
394;16;T. (Teun) van Oostenbrugge;M;196780;354;SGP;3;3;30;0;49;51;0;0.0;30
395;17;E.G. (Ewart) Bosma;M;196780;283;SGP;3;3;30;0;49;51;0;0.0;30
396;18;J. (Jan) Noeverman;M;196780;103;SGP;3;3;30;0;49;51;0;0.0;30
397;19;T. (Tom) Bakker;M;196780;137;SGP;3;3;30;0;49;51;0;0.0;30
398;20;R.A.C. (Richard) Donk;M;196780;91;SGP;3;3;30;0;49;51;0;0.0;30
399;21;J.J. (Jan) Luteijn;M;196780;94;SGP;3;3;30;0;49;51;0;0.0;30
400;22;M. (Marcel) de Haas;M;196780;104;SGP;3;3;30;0;49;51;0;0.0;30
401;23;L.G.I. (Leo) Barth;M;196780;81;SGP;3;3;30;0;49;51;0;0.0;30
402;24;P. (Peter) Schalk;M;196780;146;SGP;3;3;30;0;49;51;0;0.0;30
403;25;W. (Wim) van Wikselaar;M;196780;84;SGP;3;3;30;0;49;51;0;0.0;30
404;26;H. (Henk) Kievit;M;196780;84;SGP;3;3;30;0;49;51;0;0.0;30
405;27;A.I.G. (Ad) Dorst;M;196780;262;SGP;3;3;30;0;49;51;0;0.0;30
406;28;H.F. (Henk) Massink;M;196780;75;SGP;3;3;30;0;49;51;0;0.0;30
407;29;W. (Wim) de Vries;M;196780;134;SGP;3;3;30;0;49;51;0;0.0;30
408;30;J.W. (Jan Willem) Benschop;M;196780;304;SGP;3;3;30;0;49;51;0;0.0;30
409;1;E.G.M. (Emile) Roemer;M;909853;755765;SP;15;20;29;16;43;57;16;1.0;29
410;2;R.M. (Renske) Leijten;V;909853;69146;SP;15;20;29;16;43;57;16;1.0;29
411;3;A.A.G.M. (Ronald) van Raak;M;909853;4527;SP;15;20;29;16;43;57;16;1.0;29
412;4;H. (Harry) van Bommel;M;909853;10021;SP;15;20;29;16;43;57;16;1.0;29
413;5;J.M.A.M. (Jan) de Wit;M;909853;8977;SP;15;20;29;16;43;57;16;1.0;29
414;6;S. (Sadet) Karabulut;V;909853;10572;SP;15;20;29;16;43;57;16;1.0;29
415;7;S.M.J.G. (Sharon) Gesthuizen;V;909853;5155;SP;15;20;29;16;43;57;16;1.0;29
416;8;J.J. (Jasper) van Dijk;M;909853;1506;SP;15;20;29;16;43;57;16;1.0;29
417;9;P. (Paul) Ulenbelt;M;909853;958;SP;15;20;29;16;43;57;16;1.0;29
418;10;H.P.J. (Henk) van Gerven;M;909853;2111;SP;15;20;29;16;43;57;16;1.0;29
419;11;M. (Manja) Smits;V;909853;2783;SP;15;20;29;16;43;57;16;1.0;29
420;12;P.F.C. (Paulus) Jansen;M;909853;994;SP;15;20;29;16;43;57;16;1.0;29
421;13;F. (Farshad) Bashir;M;909853;2065;SP;15;20;29;16;43;57;16;1.0;29
422;14;C.J.E. (Nine) Kooiman;V;909853;1435;SP;15;20;29;16;43;57;16;1.0;29
423;15;A.Z. (Arnold) Merkies;M;909853;343;SP;15;20;29;16;43;57;16;1.0;29
424;16;E.M.A. (Eric) Smaling;M;909853;626;SP;15;20;29;16;43;57;16;0.0;29
425;17;M. (Michiel) van Nispen;M;909853;1206;SP;15;20;29;16;43;57;16;0.0;29
426;18;T.E. (Tjitske) Siderius;V;909853;3009;SP;15;20;29;16;43;57;16;0.0;29
427;19;L.P.M. (Leo) de Kleijn;M;909853;1393;SP;15;20;29;16;43;57;16;0.0;29
428;20;I. (Ike) Teuling;V;909853;1434;SP;15;20;29;16;43;57;16;0.0;29
429;21;N.M. (Nicole) van Gemert;V;909853;1469;SP;15;20;29;16;43;57;16;0.0;29
430;22;H.A.J.M. (Henri) Swinkels;M;909853;880;SP;15;20;29;16;43;57;16;0.0;29
431;23;M.M. (Maureen) van der Pligt;V;909853;871;SP;15;20;29;16;43;57;16;0.0;29
432;24;H.P.M. (Maarten) Hijink;M;909853;283;SP;15;20;29;16;43;57;16;0.0;29
433;25;N.T. (Tiers) Bakker;M;909853;400;SP;15;20;29;16;43;57;16;0.0;29
434;26;E. (Erik) de Vries;M;909853;982;SP;15;20;29;16;43;57;16;0.0;29
435;27;D.H. (Daniël) de Wit;M;909853;417;SP;15;20;29;16;43;57;16;0.0;29
436;28;A.M.T. (Anneke) Wezel;V;909853;589;SP;15;20;29;16;43;57;16;0.0;29
437;29;T.H.C. (Thijs) Coppus;M;909853;1443;SP;15;20;29;16;43;57;16;0.0;29
438;30;M.P. (Meta) Meijer;V;909853;359;SP;15;20;29;16;43;57;16;0.0;29
439;31;P.J. (Patrick) van Lunteren;M;909853;441;SP;15;20;29;16;43;57;16;0.0;29
440;32;C. (Chris) Schaeffer;M;909853;130;SP;15;20;29;16;43;57;16;0.0;29
441;33;F. (Femke) Reudler Talsma;V;909853;400;SP;15;20;29;16;43;57;16;0.0;29
442;34;H.J. (Hugo) Polderman;M;909853;360;SP;15;20;29;16;43;57;16;0.0;29
443;35;J.P. (Peter) Kwint;M;909853;290;SP;15;20;29;16;43;57;16;0.0;29
444;36;P.H. (Pim) Siegers;M;909853;1035;SP;15;20;29;16;43;57;16;0.0;29
445;37;R. (Lies) van Aelst;V;909853;598;SP;15;20;29;16;43;57;16;0.0;29
446;38;B. (Bart) van Kent;M;909853;149;SP;15;20;29;16;43;57;16;0.0;29
447;39;N.A. (Niels) Jongerius;M;909853;175;SP;15;20;29;16;43;57;16;0.0;29
448;40;L. (Lieke) van Rossum;V;909853;691;SP;15;20;29;16;43;57;16;0.0;29
449;41;H.M. (Hans Martin) Don;M;909853;500;SP;15;20;29;16;43;57;16;0.0;29
450;42;E. (Eelco) Eikenaar;M;909853;1360;SP;15;20;29;16;43;57;16;0.0;29
451;43;J.W. (Willem) Bouman;M;909853;584;SP;15;20;29;16;43;57;16;0.0;29
452;44;B. (Trix) de Roos-Consemulder;V;909853;1613;SP;15;20;29;16;43;57;16;0.0;29
453;45;J. (Jamila) Yahyaoui;V;909853;1803;SP;15;20;29;16;43;57;16;0.0;29
454;1;M. (Mark) Rutte;M;2504948;2129000;VVD;41;36;51;24;57;43;24;1.0;51
455;2;E.I. (Edith) Schippers;V;2504948;123889;VVD;41;36;51;24;57;43;24;1.0;51
456;3;S.A. (Stef) Blok;M;2504948;9316;VVD;41;36;51;24;57;43;24;1.0;51
457;4;A. (Anouchka) van Miltenburg;V;2504948;13677;VVD;41;36;51;24;57;43;24;1.0;51
458;5;F. (Fred) Teeven;M;2504948;35103;VVD;41;36;51;24;57;43;24;1.0;51
459;6;J.A. (Jeanine) Hennis-Plasschaert;V;2504948;39197;VVD;41;36;51;24;57;43;24;1.0;51
460;7;H. (Halbe) Zijlstra;M;2504948;4285;VVD;41;36;51;24;57;43;24;1.0;51
461;8;F.H.H. (Frans) Weekers;M;2504948;12409;VVD;41;36;51;24;57;43;24;1.0;51
462;9;M.G.J. (Mark) Harbers;M;2504948;3234;VVD;41;36;51;24;57;43;24;1.0;51
463;10;T. (Tamara) Venrooy-van Ark;V;2504948;4343;VVD;41;36;51;24;57;43;24;1.0;51
464;11;B.G. (Betty) de Boer;V;2504948;7786;VVD;41;36;51;24;57;43;24;1.0;51
465;12;J.H. (Han) ten Broeke;M;2504948;14403;VVD;41;36;51;24;57;43;24;1.0;51
466;13;C. (Cora) van Nieuwenhuizen-Wijbenga;V;2504948;4636;VVD;41;36;51;24;57;43;24;1.0;51
467;14;H. (Helma) Neppérus;V;2504948;1904;VVD;41;36;51;24;57;43;24;1.0;51
468;15;G.A. (Ard) van der Steur;M;2504948;2021;VVD;41;36;51;24;57;43;24;1.0;51
469;16;K.H.D.M. (Klaas) Dijkhoff;M;2504948;3200;VVD;41;36;51;24;57;43;24;1.0;51
470;17;T.M.C. (Ton) Elias;M;2504948;1555;VVD;41;36;51;24;57;43;24;1.0;51
471;18;A. (Anne) Mulder;M;2504948;1204;VVD;41;36;51;24;57;43;24;1.0;51
472;19;M.L. (Mark) Verheijen;M;2504948;8993;VVD;41;36;51;24;57;43;24;1.0;51
473;20;M. (Malik) Azmani;M;2504948;1874;VVD;41;36;51;24;57;43;24;1.0;51
474;21;B. (Barbara) Visser;V;2504948;3509;VVD;41;36;51;24;57;43;24;1.0;51
475;22;W.J.H. (Helma) Lodders;V;2504948;3734;VVD;41;36;51;24;57;43;24;1.0;51
476;23;P.J. (Pieter) Duisenberg;M;2504948;2862;VVD;41;36;51;24;57;43;24;1.0;51
477;24;E. (Erik) Ziengs;M;2504948;8948;VVD;41;36;51;24;57;43;24;1.0;51
478;25;P.J.M. (Pieter) Litjens;M;2504948;2010;VVD;41;36;51;24;57;43;24;1.0;51
479;26;B.I. (Brigitte) van der Burg;V;2504948;1303;VVD;41;36;51;24;57;43;24;1.0;51
480;27;B. (Bas) van 't Wout;M;2504948;1178;VVD;41;36;51;24;57;43;24;1.0;51
481;28;A.W. (Anne-Wil) Lucas-Smeerdijk;V;2504948;1733;VVD;41;36;51;24;57;43;24;1.0;51
482;29;A. (André) Bosman;M;2504948;6732;VVD;41;36;51;24;57;43;24;1.0;51
483;30;R.W. (René) Leegte;M;2504948;3319;VVD;41;36;51;24;57;43;24;1.0;51
484;31;R.J. (Remco) Dijkstra;M;2504948;1130;VVD;41;36;51;24;57;43;24;1.0;51
485;32;O.C. (Ockje) Tellegen;V;2504948;1470;VVD;41;36;51;24;57;43;24;1.0;51
486;33;F. (Foort) van Oosten;M;2504948;634;VVD;41;36;51;24;57;43;24;1.0;51
487;34;K.C.J. (Karin) Straus;V;2504948;6800;VVD;41;36;51;24;57;43;24;1.0;51
488;35;M.E. (Matthijs) Huizing;M;2504948;1194;VVD;41;36;51;24;57;43;24;1.0;51
489;36;B.C. (Bart) de Liefde;M;2504948;2163;VVD;41;36;51;24;57;43;24;1.0;51
490;37;M.S. (Michiel) van Veen;M;2504948;1305;VVD;41;36;51;24;57;43;24;1.0;51
491;38;A.C.L. (Arno) Rutte;M;2504948;1874;VVD;41;36;51;24;57;43;24;1.0;51
492;39;Y. (Ybeltje) Berckmoes-Duindam;V;2504948;1196;VVD;41;36;51;24;57;43;24;1.0;51
493;40;A. (Anoushka) Schut-Welkzijn;V;2504948;860;VVD;41;36;51;24;57;43;24;1.0;51
494;41;I.S.H. (Ingrid) de Caluwé;V;2504948;556;VVD;41;36;51;24;57;43;24;1.0;51
495;42;R.E. (Roald) van der Linde;M;2504948;857;VVD;41;36;51;24;57;43;24;0.0;51
496;43;J. (Johan) Houwers;M;2504948;3709;VVD;41;36;51;24;57;43;24;0.0;51
497;44;J. (Joost) Taverne;M;2504948;2207;VVD;41;36;51;24;57;43;24;0.0;51
498;45;A. (Aukje) de Vries;V;2504948;1352;VVD;41;36;51;24;57;43;24;0.0;51
499;46;R. (Ronald) Vuijk;M;2504948;204;VVD;41;36;51;24;57;43;24;0.0;51
500;47;S.C.C.M. (Sjoerd) Potters;M;2504948;443;VVD;41;36;51;24;57;43;24;0.0;51
501;48;R.J. (Rudmer) Heerema;M;2504948;777;VVD;41;36;51;24;57;43;24;0.0;51
502;49;H.S. (Hayke) Veldman;M;2504948;728;VVD;41;36;51;24;57;43;24;0.0;51
503;50;P.J.M.J. (Perjan) Moors;M;2504948;1225;VVD;41;36;51;24;57;43;24;0.0;51
504;51;J. (Jeroen) van Wijngaarden;M;2504948;1974;VVD;41;36;51;24;57;43;24;0.0;51
505;52;C.N.A. (Chantal) Nijkerken-de Haan;V;2504948;1536;VVD;41;36;51;24;57;43;24;0.0;51
506;53;L.A. (Leendert) de Lange;M;2504948;709;VVD;41;36;51;24;57;43;24;0.0;51
507;54;R.P.G. (Remco) Bosma;M;2504948;406;VVD;41;36;51;24;57;43;24;0.0;51
508;55;N. (Nina) Hofstra;V;2504948;576;VVD;41;36;51;24;57;43;24;0.0;51
509;56;D.A. (Daniël) van der Ree;M;2504948;245;VVD;41;36;51;24;57;43;24;0.0;51
510;57;J.B. (Joost) Helms;M;2504948;953;VVD;41;36;51;24;57;43;24;0.0;51
511;58;J.H. (Jock) Geselschap;M;2504948;790;VVD;41;36;51;24;57;43;24;0.0;51
512;59;J. (Jeltje) Hoekstra-Sikkema;V;2504948;631;VVD;41;36;51;24;57;43;24;0.0;51
513;60;C. (Christianne) van der Wal-Zeggelink;V;2504948;548;VVD;41;36;51;24;57;43;24;0.0;51
514;61;B.J.A. (Bernd) Roks;M;2504948;339;VVD;41;36;51;24;57;43;24;0.0;51
515;62;B.M.G. (Bart) Smals;M;2504948;591;VVD;41;36;51;24;57;43;24;0.0;51
516;63;J.M. (Joost) van Keulen;M;2504948;296;VVD;41;36;51;24;57;43;24;0.0;51
517;64;E. (Erik) Struijlaart;M;2504948;353;VVD;41;36;51;24;57;43;24;0.0;51
518;65;S.S.E. (Sjoerd) Osinga;M;2504948;169;VVD;41;36;51;24;57;43;24;0.0;51
519;66;M.A.J. (Mark) Snoeren;M;2504948;519;VVD;41;36;51;24;57;43;24;0.0;51
520;67;H.J.P.E. (Hubert) Koevoets;M;2504948;337;VVD;41;36;51;24;57;43;24;0.0;51
521;68;D.A.N. (Daniel) Koerhuis;M;2504948;118;VVD;41;36;51;24;57;43;24;0.0;51
522;69;J. (Jasper) Mos;M;2504948;315;VVD;41;36;51;24;57;43;24;0.0;51
523;70;T. (Tatjana) Šormaz;V;2504948;547;VVD;41;36;51;24;57;43;24;0.0;51
524;71;B.M.H. (Baerte) de Brey;M;2504948;254;VVD;41;36;51;24;57;43;24;0.0;51
525;72;A. (Asraa) Abdullatif;V;2504948;704;VVD;41;36;51;24;57;43;24;0.0;51
526;73;T.K. (Tine) Schaafsma-Buijs;V;2504948;792;VVD;41;36;51;24;57;43;24;0.0;51
527;74;R.G.J. (Roel) Lauwerier;M;2504948;508;VVD;41;36;51;24;57;43;24;0.0;51
528;75;E.J. (Erik) Koppe;M;2504948;2697;VVD;41;36;51;24;57;43;24;0.0;51
