;Plaats_Op_Lijst;Kandidaat;Geslacht;# stemmen partij;# stemmen kandidaat;Partij;Zetels;Peiling;Aantal Mannen;Aantal Vrouwen;Man_stem_percentage;Vrouw_stem_percentage;Max_Vrouwen_Volgens_Peilingen;Gekozen;# stemmen partij peiling;man-vrouw stemmen percentage peiling
0;1;H.C.M. (Henk) Krol;M;123514;148273;50PLUS;2;2;26;8;49;51;2;1.0;124474.4;0.5
1;2;N.P.M. (Norbert) Klein;M;123514;3511;50PLUS;2;2;26;8;49;51;2;1.0;124474.4;0.5
2;3;M.H.H. (Martine) Baay-Timmerman;V;123514;7123;50PLUS;2;2;26;8;49;51;2;0.0;124474.4;0.5
3;4;W. (Willem) Herrebrugh;M;123514;816;50PLUS;2;2;26;8;49;51;2;0.0;124474.4;0.5
4;5;W.A.A.M. (Wim) van Overveld;M;123514;845;50PLUS;2;2;26;8;49;51;2;0.0;124474.4;0.5
5;6;K.L.R. (Roy) Ho Ten Soeng;M;123514;2654;50PLUS;2;2;26;8;49;51;2;0.0;124474.4;0.5
6;7;M.W.E. (Monique) van de Griendt;V;123514;1941;50PLUS;2;2;26;8;49;51;2;0.0;124474.4;0.5
7;8;H. (Harry) Siepel;M;123514;997;50PLUS;2;2;26;8;49;51;2;0.0;124474.4;0.5
8;9;H. (Harry) Lamberts;M;123514;722;50PLUS;2;2;26;8;49;51;2;0.0;124474.4;0.5
9;10;W.M.M. (Mieke) Hoek;V;123514;511;50PLUS;2;2;26;8;49;51;2;0.0;124474.4;0.5
10;11;A. (Astrid) Woldinga;V;123514;705;50PLUS;2;2;26;8;49;51;2;0.0;124474.4;0.5
11;12;J.W.A. (John) Struijlaard;M;123514;976;50PLUS;2;2;26;8;49;51;2;0.0;124474.4;0.5
12;13;R. (Rob) Hompe;M;123514;1097;50PLUS;2;2;26;8;49;51;2;0.0;124474.4;0.5
13;14;G.T. (Gerda) Karmelk-Brom;V;123514;477;50PLUS;2;2;26;8;49;51;2;0.0;124474.4;0.5
14;15;W. (Willem) Willemse;M;123514;715;50PLUS;2;2;26;8;49;51;2;0.0;124474.4;0.5
15;16;A.J.P.F. (Jeannette) de Caluwe;V;123514;804;50PLUS;2;2;26;8;49;51;2;0.0;124474.4;0.5
16;17;C.M.I. (Kees) van de Molengraft;M;123514;453;50PLUS;2;2;26;8;49;51;2;0.0;124474.4;0.5
17;18;G. (Guido) Brandt Corstius;M;123514;288;50PLUS;2;2;26;8;49;51;2;0.0;124474.4;0.5
18;19;J.D. (Jan-Dirk) van Arkel;M;123514;188;50PLUS;2;2;26;8;49;51;2;0.0;124474.4;0.5
19;20;W. (Wil) van Soest;V;123514;319;50PLUS;2;2;26;8;49;51;2;0.0;124474.4;0.5
20;21;F.E. (Frits) Colnot;M;123514;131;50PLUS;2;2;26;8;49;51;2;0.0;124474.4;0.5
21;22;P. (Peter) Pont;M;123514;292;50PLUS;2;2;26;8;49;51;2;0.0;124474.4;0.5
22;23;A.I.M. (Lidie) Tax-Philippi;V;123514;107;50PLUS;2;2;26;8;49;51;2;0.0;124474.4;0.5
23;24;H.J.C. (Dick) Schouw;M;123514;350;50PLUS;2;2;26;8;49;51;2;0.0;124474.4;0.5
24;25;S.M. (Stefano) Erba;M;123514;79;50PLUS;2;2;26;8;49;51;2;0.0;124474.4;0.5
25;26;P. (Piet) van 't Wout;M;123514;577;50PLUS;2;2;26;8;49;51;2;0.0;124474.4;0.5
26;27;H. (Harry) de Groot;M;123514;373;50PLUS;2;2;26;8;49;51;2;0.0;124474.4;0.5
27;28;P.A. (Peter) Prins;M;123514;111;50PLUS;2;2;26;8;49;51;2;0.0;124474.4;0.5
28;29;H. (Horst) Oosterveer;M;123514;117;50PLUS;2;2;26;8;49;51;2;0.0;124474.4;0.5
29;30;C.J. (Chris) Bakker;M;123514;185;50PLUS;2;2;26;8;49;51;2;0.0;124474.4;0.5
30;31;F. (Frans) Dor;M;123514;180;50PLUS;2;2;26;8;49;51;2;0.0;124474.4;0.5
31;32;T. (Ton) Luiting;M;123514;118;50PLUS;2;2;26;8;49;51;2;0.0;124474.4;0.5
32;33;H.J. (Hylke) ten Cate;M;123514;446;50PLUS;2;2;26;8;49;51;2;0.0;124474.4;0.5
33;34;J.G. (Jan) Nagel;M;123514;1150;50PLUS;2;2;26;8;49;51;2;0.0;124474.4;0.5
34;1;S. (Sybrand) van Haersma Buma;M;741084;517397;CDA;13;12;39;17;60;40;12;1.0;746846.4;0.5
35;2;M.C.G. (Mona) Keijzer;V;741084;127446;CDA;13;12;39;17;60;40;12;1.0;746846.4;0.5
36;3;S. (Sander) de Rouwe;M;741084;15814;CDA;13;12;39;17;60;40;12;1.0;746846.4;0.5
37;4;R.W. (Raymond) Knops;M;741084;8466;CDA;13;12;39;17;60;40;12;1.0;746846.4;0.5
38;5;M.R.J. (Michel) Rog;M;741084;1382;CDA;13;12;39;17;60;40;12;1.0;746846.4;0.5
39;6;Y.J. (Eddy) van Hijum;M;741084;2719;CDA;13;12;39;17;60;40;12;1.0;746846.4;0.5
40;7;H.G.J. (Hanke) Bruins Slot;V;741084;3765;CDA;13;12;39;17;60;40;12;1.0;746846.4;0.5
41;8;J.L. (Jaco) Geurts;M;741084;5648;CDA;13;12;39;17;60;40;12;1.0;746846.4;0.5
42;9;A.H. (Agnes) Mulder;V;741084;9824;CDA;13;12;39;17;60;40;12;1.0;746846.4;0.5
43;10;P. (Peter) Oskam;M;741084;702;CDA;13;12;39;17;60;40;12;1.0;746846.4;0.5
44;11;P.E. (Pieter) Heerma;M;741084;981;CDA;13;12;39;17;60;40;12;1.0;746846.4;0.5
45;12;M.M. (Madeleine) van Toorenburg;V;741084;3558;CDA;13;12;39;17;60;40;12;1.0;746846.4;0.5
46;13;M.J.F. (Martijn) van Helvert;M;741084;13952;CDA;13;12;39;17;60;40;12;0.0;746846.4;0.5
47;14;H.A.G. (Erik) Ronnes;M;741084;3985;CDA;13;12;39;17;60;40;12;0.0;746846.4;0.5
48;15;H. (Herma) Boom;V;741084;2578;CDA;13;12;39;17;60;40;12;0.0;746846.4;0.5
49;16;M. (Mustafa) Amhaouch;M;741084;1919;CDA;13;12;39;17;60;40;12;0.0;746846.4;0.5
50;17;M.C.I. (Marieke) van der Werf;V;741084;809;CDA;13;12;39;17;60;40;12;0.0;746846.4;0.5
51;18;B.A. (Bernard) Schermers;M;741084;477;CDA;13;12;39;17;60;40;12;0.0;746846.4;0.5
52;19;P.C.A. (Patricia) de Milliano-van den Hemel;V;741084;6104;CDA;13;12;39;17;60;40;12;0.0;746846.4;0.5
53;20;M.J. (Marc) Jager;M;741084;5237;CDA;13;12;39;17;60;40;12;0.0;746846.4;0.5
54;21;H. (Harry) van der Molen;M;741084;1196;CDA;13;12;39;17;60;40;12;0.0;746846.4;0.5
55;22;E.D. (Dinand) Ekkel;M;741084;594;CDA;13;12;39;17;60;40;12;0.0;746846.4;0.5
56;23;P. (Arjan) Erkel;M;741084;3515;CDA;13;12;39;17;60;40;12;0.0;746846.4;0.5
57;24;T. (Turan) Yazir;M;741084;4158;CDA;13;12;39;17;60;40;12;0.0;746846.4;0.5
58;25;M.P.M. (Michiel) Holtackers;M;741084;347;CDA;13;12;39;17;60;40;12;0.0;746846.4;0.5
59;26;E. (Elske) van der Mik;V;741084;949;CDA;13;12;39;17;60;40;12;0.0;746846.4;0.5
60;27;D.S.C. (Dave) Ensberg-Kleijkers;M;741084;678;CDA;13;12;39;17;60;40;12;0.0;746846.4;0.5
61;28;E. (Efstathios) Andreou;M;741084;137;CDA;13;12;39;17;60;40;12;0.0;746846.4;0.5
62;29;W.J.F. (Wilma) van der Rijt-van der Kruis;V;741084;970;CDA;13;12;39;17;60;40;12;0.0;746846.4;0.5
63;30;T. (Ties) Sweyen;M;741084;732;CDA;13;12;39;17;60;40;12;0.0;746846.4;0.5
64;31;A.M.T. (Anne-Marie) Vreman-Muijrers;V;741084;406;CDA;13;12;39;17;60;40;12;0.0;746846.4;0.5
65;32;D.Y.S. (Yang Soo) Kloosterhof;M;741084;487;CDA;13;12;39;17;60;40;12;0.0;746846.4;0.5
66;33;N.E. (Nelleke) Weltevrede;V;741084;335;CDA;13;12;39;17;60;40;12;0.0;746846.4;0.5
67;34;G.A. (Gerben) Karssenberg;M;741084;237;CDA;13;12;39;17;60;40;12;0.0;746846.4;0.5
68;35;M. (Merijn) Snoek;M;741084;424;CDA;13;12;39;17;60;40;12;0.0;746846.4;0.5
69;36;E. (Ebubekir) Öztüre;M;741084;6003;CDA;13;12;39;17;60;40;12;0.0;746846.4;0.5
70;37;J.F. (Han) Hoogma;M;741084;1227;CDA;13;12;39;17;60;40;12;0.0;746846.4;0.5
71;38;P.J.H.D. (Ellen) Verkoelen;V;741084;455;CDA;13;12;39;17;60;40;12;0.0;746846.4;0.5
72;39;P.H. (Pieter) Omtzigt;M;741084;36750;CDA;13;12;39;17;60;40;12;1.0;746846.4;0.5
73;40;J. (Jobke) Vonk-Vedder;V;741084;221;CDA;13;12;39;17;60;40;12;0.0;746846.4;0.5
74;41;J.D.W. (Jan) Eerbeek;M;741084;369;CDA;13;12;39;17;60;40;12;0.0;746846.4;0.5
75;42;D.W. (Dirk) van der Mast;M;741084;136;CDA;13;12;39;17;60;40;12;0.0;746846.4;0.5
76;43;J.C. (Chantal) van Steenderen-Broekhuis;V;741084;228;CDA;13;12;39;17;60;40;12;0.0;746846.4;0.5
77;44;J.L.J. (John) van Hal;M;741084;426;CDA;13;12;39;17;60;40;12;0.0;746846.4;0.5
78;45;M.S. (Margriet) van de Vooren;V;741084;163;CDA;13;12;39;17;60;40;12;0.0;746846.4;0.5
79;47;J.M. (Hans) Moerland;M;741084;129;CDA;13;12;39;17;60;40;12;0.0;746846.4;0.5
80;48;G.M. (Geeske) Telgen-Swarts;V;741084;326;CDA;13;12;39;17;60;40;12;0.0;746846.4;0.5
81;49;J.S. (Mitra) Rambaran;V;741084;442;CDA;13;12;39;17;60;40;12;0.0;746846.4;0.5
82;50;J.D. (Jan) Kramer;M;741084;404;CDA;13;12;39;17;60;40;12;0.0;746846.4;0.5
83;51;J.M.A. (Jeffrey) van Agtmaal;M;741084;820;CDA;13;12;39;17;60;40;12;0.0;746846.4;0.5
84;52;A.P. (Fons) d' Haens;M;741084;1246;CDA;13;12;39;17;60;40;12;0.0;746846.4;0.5
85;53;R. (Remko) ten Barge;M;741084;2918;CDA;13;12;39;17;60;40;12;0.0;746846.4;0.5
86;54;J. (Jan-Jaap) de Haan;M;741084;177;CDA;13;12;39;17;60;40;12;0.0;746846.4;0.5
87;55;G. (Gert) Boeve;M;741084;105;CDA;13;12;39;17;60;40;12;0.0;746846.4;0.5
88;56;E. (Erik) de Ridder;M;741084;205;CDA;13;12;39;17;60;40;12;0.0;746846.4;0.5
89;57;H.M. (Hugo) de Jonge;M;741084;545;CDA;13;12;39;17;60;40;12;0.0;746846.4;0.5
90;1;A. (Arie) Slob;M;308785;229664;ChristenUnie;5;5;36;14;37;63;5;1.0;311186.0;0.5
91;2;J.S. (Joël) Voordewind;M;308785;13877;ChristenUnie;5;5;36;14;37;63;5;1.0;311186.0;0.5
92;3;C.J. (Carola) Schouten;V;308785;16507;ChristenUnie;5;5;36;14;37;63;5;1.0;311186.0;0.5
93;4;G.M. (Gert-Jan) Segers;M;308785;2992;ChristenUnie;5;5;36;14;37;63;5;1.0;311186.0;0.5
94;5;R.K. (Carla) Dik-Faber;V;308785;2604;ChristenUnie;5;5;36;14;37;63;5;1.0;311186.0;0.5
95;6;E.E.W. (Eppo) Bruins;M;308785;1152;ChristenUnie;5;5;36;14;37;63;5;0.0;311186.0;0.5
96;7;H. (Herman) Wegter;M;308785;4672;ChristenUnie;5;5;36;14;37;63;5;0.0;311186.0;0.5
97;8;A. (Anja) Haga;V;308785;2262;ChristenUnie;5;5;36;14;37;63;5;0.0;311186.0;0.5
98;9;I.S. (Ixora) Balootje;V;308785;2111;ChristenUnie;5;5;36;14;37;63;5;0.0;311186.0;0.5
99;10;A. (Ard) Kleijer;M;308785;923;ChristenUnie;5;5;36;14;37;63;5;0.0;311186.0;0.5
100;11;J. (Jan) de Wit;M;308785;457;ChristenUnie;5;5;36;14;37;63;5;0.0;311186.0;0.5
101;12;M.A. (Martine) Vonk;V;308785;1230;ChristenUnie;5;5;36;14;37;63;5;0.0;311186.0;0.5
102;13;B.D. (Bert) Tijhof;M;308785;1338;ChristenUnie;5;5;36;14;37;63;5;0.0;311186.0;0.5
103;14;P. (Paul) Blokhuis;M;308785;615;ChristenUnie;5;5;36;14;37;63;5;0.0;311186.0;0.5
104;15;A.B.M. (Arnout) van Kempen;M;308785;370;ChristenUnie;5;5;36;14;37;63;5;0.0;311186.0;0.5
105;16;J.A. (Jacqueline) Koops-Scheele;V;308785;278;ChristenUnie;5;5;36;14;37;63;5;0.0;311186.0;0.5
106;17;C.P. (Onno) van Schayck;M;308785;307;ChristenUnie;5;5;36;14;37;63;5;0.0;311186.0;0.5
107;18;H.C. (Hugo) Scherff;M;308785;443;ChristenUnie;5;5;36;14;37;63;5;0.0;311186.0;0.5
108;19;H.A. (Harmke) Vlieg-Kempe;V;308785;637;ChristenUnie;5;5;36;14;37;63;5;0.0;311186.0;0.5
109;20;B. (Ben) Visser;M;308785;540;ChristenUnie;5;5;36;14;37;63;5;0.0;311186.0;0.5
110;21;H.H.J. (Hugo) Veldhuizen;M;308785;142;ChristenUnie;5;5;36;14;37;63;5;0.0;311186.0;0.5
111;22;S.J.F. (Stieneke) van der Graaf;V;308785;875;ChristenUnie;5;5;36;14;37;63;5;0.0;311186.0;0.5
112;23;H.J. (Hermen) Vreugdenhil;M;308785;236;ChristenUnie;5;5;36;14;37;63;5;0.0;311186.0;0.5
113;24;P. (Piet) Adema;M;308785;502;ChristenUnie;5;5;36;14;37;63;5;0.0;311186.0;0.5
114;25;A.P. (Arjan) Beekman;M;308785;941;ChristenUnie;5;5;36;14;37;63;5;0.0;311186.0;0.5
115;26;J.C.R. (Jurgen) van Houdt;M;308785;370;ChristenUnie;5;5;36;14;37;63;5;0.0;311186.0;0.5
116;27;R. (Remco) van Mulligen;M;308785;216;ChristenUnie;5;5;36;14;37;63;5;0.0;311186.0;0.5
117;28;H.A.C. (Jet) Weigand-Timmer;V;308785;164;ChristenUnie;5;5;36;14;37;63;5;0.0;311186.0;0.5
118;29;R.J. (Reinier) Koppelaar;M;308785;145;ChristenUnie;5;5;36;14;37;63;5;0.0;311186.0;0.5
119;30;J.M.J. (Janny) Joosten-Leijendekker;V;308785;244;ChristenUnie;5;5;36;14;37;63;5;0.0;311186.0;0.5
120;31;M.H. (Mirjam) Bikker;V;308785;298;ChristenUnie;5;5;36;14;37;63;5;0.0;311186.0;0.5
121;32;P. (Pieter) Plug;M;308785;267;ChristenUnie;5;5;36;14;37;63;5;0.0;311186.0;0.5
122;33;G. (Bert) Koops;M;308785;251;ChristenUnie;5;5;36;14;37;63;5;0.0;311186.0;0.5
123;34;J.M. (Martin) Schuurman;M;308785;124;ChristenUnie;5;5;36;14;37;63;5;0.0;311186.0;0.5
124;35;K. (Klaas) Harink;M;308785;254;ChristenUnie;5;5;36;14;37;63;5;0.0;311186.0;0.5
125;36;R.A. (Reinier) van Hoffen;M;308785;116;ChristenUnie;5;5;36;14;37;63;5;0.0;311186.0;0.5
126;37;R.A. (Ron) de Rover;M;308785;207;ChristenUnie;5;5;36;14;37;63;5;0.0;311186.0;0.5
127;38;M.J. (Marjolein) Busstra;V;308785;140;ChristenUnie;5;5;36;14;37;63;5;0.0;311186.0;0.5
128;39;S.J. (Simone) Kennedy-Doornbos;V;308785;175;ChristenUnie;5;5;36;14;37;63;5;0.0;311186.0;0.5
129;40;A.J. (Arne) Schaddelee;M;308785;168;ChristenUnie;5;5;36;14;37;63;5;0.0;311186.0;0.5
130;41;A. (André) Oldenkamp;M;308785;103;ChristenUnie;5;5;36;14;37;63;5;0.0;311186.0;0.5
131;42;J.J. (Jaap) van Ginkel;M;308785;145;ChristenUnie;5;5;36;14;37;63;5;0.0;311186.0;0.5
132;43;B. (Bart) Jaspers Faijer;M;308785;265;ChristenUnie;5;5;36;14;37;63;5;0.0;311186.0;0.5
133;44;E.W. (Ed) Anker;M;308785;225;ChristenUnie;5;5;36;14;37;63;5;0.0;311186.0;0.5
134;45;J.A. (Jantien) Fröling-Kok;V;308785;184;ChristenUnie;5;5;36;14;37;63;5;0.0;311186.0;0.5
135;46;F.J. (Freek) Dommerholt;M;308785;202;ChristenUnie;5;5;36;14;37;63;5;0.0;311186.0;0.5
136;47;F.C. (Frank) Visser;M;308785;245;ChristenUnie;5;5;36;14;37;63;5;0.0;311186.0;0.5
137;48;D.G. (Dick) Schutte;M;308785;141;ChristenUnie;5;5;36;14;37;63;5;0.0;311186.0;0.5
138;49;O.E. (Orlando) Bottenbley;M;308785;2333;ChristenUnie;5;5;36;14;37;63;5;0.0;311186.0;0.5
139;50;A. (Arie) van der Veer;M;308785;1929;ChristenUnie;5;5;36;14;37;63;5;0.0;311186.0;0.5
140;1;A. (Alexander) Pechtold;M;679327;586454;D66;12;11;32;17;58;42;11;1.0;684609.2;0.5
141;2;S. (Stientje) van Veldhoven-van der Meer;V;679327;71170;D66;12;11;32;17;58;42;11;1.0;684609.2;0.5
142;3;W. (Wouter) Koolmees;M;679327;10413;D66;12;11;32;17;58;42;11;1.0;684609.2;0.5
143;4;K. (Kees) Verhoeven;M;679327;3594;D66;12;11;32;17;58;42;11;1.0;684609.2;0.5
144;5;V.A. (Vera) Bergkamp;V;679327;15387;D66;12;11;32;17;58;42;11;1.0;684609.2;0.5
145;6;A.G. (Gerard) Schouw;M;679327;1435;D66;12;11;32;17;58;42;11;1.0;684609.2;0.5
146;7;P.H. (Paul) van Meenen;M;679327;1802;D66;12;11;32;17;58;42;11;1.0;684609.2;0.5
147;8;S.P.R.A. (Steven) van Weyenberg;M;679327;989;D66;12;11;32;17;58;42;11;1.0;684609.2;0.5
148;9;P.A. (Pia) Dijkstra;V;679327;24886;D66;12;11;32;17;58;42;11;1.0;684609.2;0.5
149;10;M.A. (Magda) Berndsen-Jansen;V;679327;2472;D66;12;11;32;17;58;42;11;1.0;684609.2;0.5
150;11;S.W. (Sjoerd Wiemer) Sjoerdsma;M;679327;1569;D66;12;11;32;17;58;42;11;1.0;684609.2;0.5
151;12;W. (Wassila) Hachchi;V;679327;4737;D66;12;11;32;17;58;42;11;1.0;684609.2;0.5
152;13;J.C.M. (Judith) Swinkels;V;679327;2151;D66;12;11;32;17;58;42;11;0.0;684609.2;0.5
153;14;S. (Salima) Belhaj;V;679327;2345;D66;12;11;32;17;58;42;11;0.0;684609.2;0.5
154;15;M. (Maarten) Groothuizen;M;679327;1264;D66;12;11;32;17;58;42;11;0.0;684609.2;0.5
155;16;M. (Michiel) Verkoulen;M;679327;1086;D66;12;11;32;17;58;42;11;0.0;684609.2;0.5
156;17;F.M. (Femke) Dingemans;V;679327;1903;D66;12;11;32;17;58;42;11;0.0;684609.2;0.5
157;18;T. (Ton) Monasso;M;679327;510;D66;12;11;32;17;58;42;11;0.0;684609.2;0.5
158;19;J.C.M. (Jacqueline) Versteeg;V;679327;811;D66;12;11;32;17;58;42;11;0.0;684609.2;0.5
159;20;P.J.L.M. (Paul) de Beer;M;679327;890;D66;12;11;32;17;58;42;11;0.0;684609.2;0.5
160;21;T. (Thessa) van der Windt;V;679327;838;D66;12;11;32;17;58;42;11;0.0;684609.2;0.5
161;22;B.L. (Bart) Vink;M;679327;485;D66;12;11;32;17;58;42;11;0.0;684609.2;0.5
162;23;G. (Gökhan) Çoban;M;679327;1625;D66;12;11;32;17;58;42;11;0.0;684609.2;0.5
163;24;E.J. (Eelco) Keij;M;679327;1620;D66;12;11;32;17;58;42;11;0.0;684609.2;0.5
164;25;G.J.P.M. (Guido) Corten;M;679327;1252;D66;12;11;32;17;58;42;11;0.0;684609.2;0.5
165;26;F.C. (Frank) van Oirschot;M;679327;214;D66;12;11;32;17;58;42;11;0.0;684609.2;0.5
166;27;S. (Sina) Salim;M;679327;377;D66;12;11;32;17;58;42;11;0.0;684609.2;0.5
167;28;J.D. (Doede) de Vries;M;679327;1627;D66;12;11;32;17;58;42;11;0.0;684609.2;0.5
168;29;A.G.W. (Anneke) Groen;V;679327;478;D66;12;11;32;17;58;42;11;0.0;684609.2;0.5
169;30;H.M. (Hélène) Steenhoff;V;679327;243;D66;12;11;32;17;58;42;11;0.0;684609.2;0.5
170;31;T.C. (Thomas) Walder;M;679327;649;D66;12;11;32;17;58;42;11;0.0;684609.2;0.5
171;32;B. (Bart) van Grevenhof;M;679327;144;D66;12;11;32;17;58;42;11;0.0;684609.2;0.5
172;33;P.W.L. (Pim) de Kuijer;M;679327;172;D66;12;11;32;17;58;42;11;0.0;684609.2;0.5
173;34;C.J. (Caecilia) van Peski;V;679327;460;D66;12;11;32;17;58;42;11;0.0;684609.2;0.5
174;35;S.T. (Sabine) Verschoor;V;679327;455;D66;12;11;32;17;58;42;11;0.0;684609.2;0.5
175;36;M.A. (Michiel) Rijsberman;M;679327;236;D66;12;11;32;17;58;42;11;0.0;684609.2;0.5
176;37;J.C. (Joost) Koomen;M;679327;165;D66;12;11;32;17;58;42;11;0.0;684609.2;0.5
177;38;B.T. (Bastiaan) Winkel;M;679327;210;D66;12;11;32;17;58;42;11;0.0;684609.2;0.5
178;39;D.C. (Dilia) Leitner;V;679327;210;D66;12;11;32;17;58;42;11;0.0;684609.2;0.5
179;40;R.J. (Robert) van Asten;M;679327;256;D66;12;11;32;17;58;42;11;0.0;684609.2;0.5
180;41;E. (Ellenus) Venema;M;679327;358;D66;12;11;32;17;58;42;11;0.0;684609.2;0.5
181;42;J.C. (Joris) Visser;M;679327;193;D66;12;11;32;17;58;42;11;0.0;684609.2;0.5
182;43;H. (Huub) Halsema;M;679327;300;D66;12;11;32;17;58;42;11;0.0;684609.2;0.5
183;44;G.J. (Gijs) van Loef;M;679327;140;D66;12;11;32;17;58;42;11;0.0;684609.2;0.5
184;45;C.W. (Kees) de Zeeuw;M;679327;236;D66;12;11;32;17;58;42;11;0.0;684609.2;0.5
185;46;L. (Laurens) Verspuij;M;679327;162;D66;12;11;32;17;58;42;11;0.0;684609.2;0.5
186;47;P.F. (Pieter) de Groene;M;679327;160;D66;12;11;32;17;58;42;11;0.0;684609.2;0.5
187;48;L.J. (Linda) Carton;V;679327;474;D66;12;11;32;17;58;42;11;0.0;684609.2;0.5
188;49;J.C. (Rineke) Gieske-Mastenbroek;V;679327;2367;D66;12;11;32;17;58;42;11;0.0;684609.2;0.5
189;1;J.C.M. (Jolande) Sap;V;247028;171971;GROENLINKS;4;4;24;18;52;48;4;1.0;248948.8;0.5
190;2;A. (Bram) van Ojik;M;247028;4639;GROENLINKS;4;4;24;18;52;48;4;1.0;248948.8;0.5
191;3;L. (Liesbeth) van Tongeren;V;247028;10205;GROENLINKS;4;4;24;18;52;48;4;1.0;248948.8;0.5
192;4;J.F. (Jesse) Klaver;M;247028;3351;GROENLINKS;4;4;24;18;52;48;4;1.0;248948.8;0.5
193;5;L.G.J. (Linda) Voortman;V;247028;4477;GROENLINKS;4;4;24;18;52;48;4;0.0;248948.8;0.5
194;6;H.J. (Rik) Grashoff;M;247028;1764;GROENLINKS;4;4;24;18;52;48;4;0.0;248948.8;0.5
195;7;A. (Arjan) El Fassed;M;247028;1481;GROENLINKS;4;4;24;18;52;48;4;0.0;248948.8;0.5
196;8;C.N. (Niels) van den Berge;M;247028;488;GROENLINKS;4;4;24;18;52;48;4;0.0;248948.8;0.5
197;9;C.E. (Corinne) de Jonge van Ellemeet;V;247028;1127;GROENLINKS;4;4;24;18;52;48;4;0.0;248948.8;0.5
198;10;T. (Tofik) Dibi;M;247028;5400;GROENLINKS;4;4;24;18;52;48;4;0.0;248948.8;0.5
199;11;P. (Paulus) de Wilt;M;247028;248;GROENLINKS;4;4;24;18;52;48;4;0.0;248948.8;0.5
200;12;H. (Hayat) Barrahmun;V;247028;1440;GROENLINKS;4;4;24;18;52;48;4;0.0;248948.8;0.5
201;13;K. (Kees) Diepeveen;M;247028;282;GROENLINKS;4;4;24;18;52;48;4;0.0;248948.8;0.5
202;14;A.B. (Anne) Scheltema Beduin;V;247028;714;GROENLINKS;4;4;24;18;52;48;4;0.0;248948.8;0.5
203;15;D. (Dirk) van den Bosch;M;247028;177;GROENLINKS;4;4;24;18;52;48;4;0.0;248948.8;0.5
204;16;H. (Huri) Sahin;V;247028;860;GROENLINKS;4;4;24;18;52;48;4;0.0;248948.8;0.5
205;17;E.M. (Lisa) Westerveld;V;247028;1458;GROENLINKS;4;4;24;18;52;48;4;0.0;248948.8;0.5
206;18;I.M. (Inge) Vianen;V;247028;434;GROENLINKS;4;4;24;18;52;48;4;0.0;248948.8;0.5
207;19;M.C. (Marry) Mos;V;247028;342;GROENLINKS;4;4;24;18;52;48;4;0.0;248948.8;0.5
208;20;M.R. (Miguel) Heilbron;M;247028;326;GROENLINKS;4;4;24;18;52;48;4;0.0;248948.8;0.5
209;21;V.A.M. (Volkert) Vintges;M;247028;245;GROENLINKS;4;4;24;18;52;48;4;0.0;248948.8;0.5
210;22;C. (Christiaan) Kwint;M;247028;191;GROENLINKS;4;4;24;18;52;48;4;0.0;248948.8;0.5
211;23;J.I. (Jan) van de Venis;M;247028;162;GROENLINKS;4;4;24;18;52;48;4;0.0;248948.8;0.5
212;24;A.C. (Bert) Jongert;M;247028;169;GROENLINKS;4;4;24;18;52;48;4;0.0;248948.8;0.5
213;25;C.J. (Carel) Bruring;M;247028;310;GROENLINKS;4;4;24;18;52;48;4;0.0;248948.8;0.5
214;26;I. (Irona) Groeneveld;V;247028;578;GROENLINKS;4;4;24;18;52;48;4;0.0;248948.8;0.5
215;27;C.T. (Karin) Dekker;V;247028;791;GROENLINKS;4;4;24;18;52;48;4;0.0;248948.8;0.5
216;28;G.H. (Gea) Smith;V;247028;333;GROENLINKS;4;4;24;18;52;48;4;0.0;248948.8;0.5
217;29;H.J. (Henk) Nijhof;M;247028;368;GROENLINKS;4;4;24;18;52;48;4;0.0;248948.8;0.5
218;30;S.W. (Sebastiaan) van 't Erve;M;247028;137;GROENLINKS;4;4;24;18;52;48;4;0.0;248948.8;0.5
219;31;R. (Ruud) Pet;M;247028;172;GROENLINKS;4;4;24;18;52;48;4;0.0;248948.8;0.5
220;32;P. (Pascalle) Georgopoulos;V;247028;226;GROENLINKS;4;4;24;18;52;48;4;0.0;248948.8;0.5
221;33;A. (Ahmed) Harika;M;247028;419;GROENLINKS;4;4;24;18;52;48;4;0.0;248948.8;0.5
222;34;M. (Thijs) de la Court;M;247028;179;GROENLINKS;4;4;24;18;52;48;4;0.0;248948.8;0.5
223;35;B.S. (Bart) Eigeman;M;247028;419;GROENLINKS;4;4;24;18;52;48;4;0.0;248948.8;0.5
224;36;G.J. (Gerdo) van Grootheest;M;247028;369;GROENLINKS;4;4;24;18;52;48;4;0.0;248948.8;0.5
225;37;J. (Judith) Sargentini;V;247028;246;GROENLINKS;4;4;24;18;52;48;4;0.0;248948.8;0.5
226;38;B. (Bas) Eickhout;M;247028;159;GROENLINKS;4;4;24;18;52;48;4;0.0;248948.8;0.5
227;39;M. (Marije) Cornelissen;V;247028;130;GROENLINKS;4;4;24;18;52;48;4;0.0;248948.8;0.5
228;40;K.M. (Kathalijne) Buitenweg;V;247028;573;GROENLINKS;4;4;24;18;52;48;4;0.0;248948.8;0.5
229;41;P. (Pascal) ten Have;M;247028;148;GROENLINKS;4;4;24;18;52;48;4;0.0;248948.8;0.5
230;42;A.C. (Andrée) van Es;V;247028;2388;GROENLINKS;4;4;24;18;52;48;4;0.0;248948.8;0.5
231;1;M.L. (Marianne) Thieme;V;185271;154155;Partij voor de Dieren;2;3;11;14;49;51;3;1.0;186711.6;0.5
232;2;E. (Esther) Ouwehand;V;185271;11573;Partij voor de Dieren;2;3;11;14;49;51;3;1.0;186711.6;0.5
233;3;F.P. (Frank) Wassenberg;M;185271;2677;Partij voor de Dieren;2;3;11;14;49;51;3;0.0;186711.6;0.5
234;4;A.A.H. (Anja) Hazekamp;V;185271;1575;Partij voor de Dieren;2;3;11;14;49;51;3;0.0;186711.6;0.5
235;5;J.F.W. (Johnas) van Lammeren;M;185271;1320;Partij voor de Dieren;2;3;11;14;49;51;3;0.0;186711.6;0.5
236;6;A.E. (Bram) van Liere;M;185271;620;Partij voor de Dieren;2;3;11;14;49;51;3;0.0;186711.6;0.5
237;7;B.E.J.M. (Birgit) Verstappen;V;185271;844;Partij voor de Dieren;2;3;11;14;49;51;3;0.0;186711.6;0.5
238;8;G.J. (Gerjan) Kelder;M;185271;693;Partij voor de Dieren;2;3;11;14;49;51;3;0.0;186711.6;0.5
239;9;L.R. (Luuk) van der Veer;M;185271;450;Partij voor de Dieren;2;3;11;14;49;51;3;0.0;186711.6;0.5
240;10;D.W. (Diederik) van Liere;M;185271;444;Partij voor de Dieren;2;3;11;14;49;51;3;0.0;186711.6;0.5
241;11;I. (Ida) Been;V;185271;651;Partij voor de Dieren;2;3;11;14;49;51;3;0.0;186711.6;0.5
242;12;A.C. (Corinne) Cornelisse;V;185271;538;Partij voor de Dieren;2;3;11;14;49;51;3;0.0;186711.6;0.5
243;13;T.A.O. (Trees) Janssens;V;185271;601;Partij voor de Dieren;2;3;11;14;49;51;3;0.0;186711.6;0.5
244;14;A.M.E. (Annemarie) van Gelder;V;185271;548;Partij voor de Dieren;2;3;11;14;49;51;3;0.0;186711.6;0.5
245;15;S.H.D. (Harry) Voss;M;185271;642;Partij voor de Dieren;2;3;11;14;49;51;3;0.0;186711.6;0.5
246;16;M.J.E. (Marieke) de Groot;V;185271;734;Partij voor de Dieren;2;3;11;14;49;51;3;0.0;186711.6;0.5
247;17;F. (Floriske) van Leeuwen;V;185271;375;Partij voor de Dieren;2;3;11;14;49;51;3;0.0;186711.6;0.5
248;18;A.J. (Ton) Dekker;M;185271;328;Partij voor de Dieren;2;3;11;14;49;51;3;0.0;186711.6;0.5
249;19;E.B. (Erno) Eskens;M;185271;234;Partij voor de Dieren;2;3;11;14;49;51;3;0.0;186711.6;0.5
250;20;P. (Pablo) Moleman;M;185271;330;Partij voor de Dieren;2;3;11;14;49;51;3;0.0;186711.6;0.5
251;21;M.C. (Melissa) Bax;V;185271;425;Partij voor de Dieren;2;3;11;14;49;51;3;0.0;186711.6;0.5
252;22;J. (Ingrid) Ramaan;V;185271;579;Partij voor de Dieren;2;3;11;14;49;51;3;0.0;186711.6;0.5
253;23;L.M.C. (Laura) Straver;V;185271;389;Partij voor de Dieren;2;3;11;14;49;51;3;0.0;186711.6;0.5
254;24;E.J.G. (Janet) de Jong;V;185271;440;Partij voor de Dieren;2;3;11;14;49;51;3;0.0;186711.6;0.5
255;25;J.P. (Jan Peter) Cruiming;M;185271;997;Partij voor de Dieren;2;3;11;14;49;51;3;0.0;186711.6;0.5
256;1;D.M. (Diederik) Samsom;M;2223254;1809856;PVDA;38;36;37;37;48;52;36;1.0;2240539.2;0.5
257;2;J. (Jetta) Klijnsma;V;2223254;192190;PVDA;38;36;37;37;48;52;36;1.0;2240539.2;0.5
258;3;R.H.A. (Ronald) Plasterk;M;2223254;58427;PVDA;38;36;37;37;48;52;36;1.0;2240539.2;0.5
259;4;T.M. (Tanja) Jadnanansing;V;2223254;28704;PVDA;38;36;37;37;48;52;36;1.0;2240539.2;0.5
260;5;J.R.V.A. (Jeroen) Dijsselbloem;M;2223254;4336;PVDA;38;36;37;37;48;52;36;1.0;2240539.2;0.5
261;6;M.I. (Mariëtte) Hamer;V;2223254;8744;PVDA;38;36;37;37;48;52;36;1.0;2240539.2;0.5
262;7;M.H.P. (Martijn) van Dam;M;2223254;4531;PVDA;38;36;37;37;48;52;36;1.0;2240539.2;0.5
263;8;F.C.G.M. (Frans) Timmermans;M;2223254;15150;PVDA;38;36;37;37;48;52;36;1.0;2240539.2;0.5
264;9;D.E. (Désirée) Bonis;V;2223254;3830;PVDA;38;36;37;37;48;52;36;1.0;2240539.2;0.5
265;10;J.W.M. (John) Kerstens;M;2223254;3050;PVDA;38;36;37;37;48;52;36;1.0;2240539.2;0.5
266;11;L. (Lutz) Jacobi;V;2223254;16082;PVDA;38;36;37;37;48;52;36;1.0;2240539.2;0.5
267;12;R.A. (Roos) Vermeij;V;2223254;2370;PVDA;38;36;37;37;48;52;36;1.0;2240539.2;0.5
268;13;H. (Henk) Nijboer;M;2223254;6448;PVDA;38;36;37;37;48;52;36;1.0;2240539.2;0.5
269;14;A. (Ahmed) Marcouch;M;2223254;13289;PVDA;38;36;37;37;48;52;36;1.0;2240539.2;0.5
270;15;A.M.C. (Angelien) Eijsink;V;2223254;1949;PVDA;38;36;37;37;48;52;36;1.0;2240539.2;0.5
271;16;M. (Myrthe) Hilkens;V;2223254;2279;PVDA;38;36;37;37;48;52;36;1.0;2240539.2;0.5
272;17;M. (Michiel) Servaes;M;2223254;658;PVDA;38;36;37;37;48;52;36;1.0;2240539.2;0.5
273;18;L.T. (Lea) Bouwmeester;V;2223254;3451;PVDA;38;36;37;37;48;52;36;1.0;2240539.2;0.5
274;19;J.S. (Jacques) Monasch;M;2223254;2193;PVDA;38;36;37;37;48;52;36;1.0;2240539.2;0.5
275;20;M.L. (Mei Li) Vos;V;2223254;8541;PVDA;38;36;37;37;48;52;36;1.0;2240539.2;0.5
276;21;J. (Jeroen) Recourt;M;2223254;789;PVDA;38;36;37;37;48;52;36;1.0;2240539.2;0.5
277;22;A.G. (Agnes) Wolbert;V;2223254;5207;PVDA;38;36;37;37;48;52;36;1.0;2240539.2;0.5
278;23;V.A. (Ed) Groot;M;2223254;598;PVDA;38;36;37;37;48;52;36;1.0;2240539.2;0.5
279;24;A.H. (Attje) Kuiken;V;2223254;3247;PVDA;38;36;37;37;48;52;36;1.0;2240539.2;0.5
280;25;P.M.M. (Pierre) Heijnen;M;2223254;896;PVDA;38;36;37;37;48;52;36;1.0;2240539.2;0.5
281;26;K. (Keklik) Demir-Yücel;V;2223254;8403;PVDA;38;36;37;37;48;52;36;1.0;2240539.2;0.5
282;27;T. (Tunahan) Kuzu;M;2223254;23067;PVDA;38;36;37;37;48;52;36;1.0;2240539.2;0.5
283;28;L. (Loes) Ypma;V;2223254;2569;PVDA;38;36;37;37;48;52;36;1.0;2240539.2;0.5
284;29;A.A. (Albert) de Vries;M;2223254;4664;PVDA;38;36;37;37;48;52;36;1.0;2240539.2;0.5
285;30;K. (Khadija) Arib;V;2223254;6625;PVDA;38;36;37;37;48;52;36;1.0;2240539.2;0.5
286;31;O.E.T. (Otwin) van Dijk;M;2223254;6884;PVDA;38;36;37;37;48;52;36;1.0;2240539.2;0.5
287;32;H. (Manon) Fokke;V;2223254;3732;PVDA;38;36;37;37;48;52;36;1.0;2240539.2;0.5
288;33;M. (Mohamed) Mohandis;M;2223254;5413;PVDA;38;36;37;37;48;52;36;1.0;2240539.2;0.5
289;34;S.W. (Sjoera) Dikkers;V;2223254;871;PVDA;38;36;37;37;48;52;36;1.0;2240539.2;0.5
290;35;T.R. (Tjeerd) van Dekken;M;2223254;5176;PVDA;38;36;37;37;48;52;36;1.0;2240539.2;0.5
291;36;R.F.A. (Astrid) Oosenbrug-Blokland;V;2223254;980;PVDA;38;36;37;37;48;52;36;1.0;2240539.2;0.5
292;37;J.C. (Jan) Vos;M;2223254;508;PVDA;38;36;37;37;48;52;36;1.0;2240539.2;0.5
293;38;M.E. (Marit) Maij;V;2223254;576;PVDA;38;36;37;37;48;52;36;1.0;2240539.2;0.5
294;39;S. (Selcuk) Öztürk;M;2223254;9831;PVDA;38;36;37;37;48;52;36;0.0;2240539.2;0.5
295;40;G.S.I.A. (Grace) Tanamal;V;2223254;867;PVDA;38;36;37;37;48;52;36;0.0;2240539.2;0.5
296;41;D. (Duco) Hoogland;M;2223254;692;PVDA;38;36;37;37;48;52;36;0.0;2240539.2;0.5
297;42;S. (Sultan) Günal-Gezer;V;2223254;1990;PVDA;38;36;37;37;48;52;36;0.0;2240539.2;0.5
298;43;R.P. (Roelof) van Laar;M;2223254;392;PVDA;38;36;37;37;48;52;36;0.0;2240539.2;0.5
299;44;Y. (Yasemin) Cegerek;V;2223254;3377;PVDA;38;36;37;37;48;52;36;0.0;2240539.2;0.5
300;45;Y. (Yasin) Torunoglu;M;2223254;3277;PVDA;38;36;37;37;48;52;36;0.0;2240539.2;0.5
301;46;M.J. (Marith) Rebel-Volp;V;2223254;623;PVDA;38;36;37;37;48;52;36;0.0;2240539.2;0.5
302;47;H.J.M. (Henk) Leenders;M;2223254;417;PVDA;38;36;37;37;48;52;36;0.0;2240539.2;0.5
303;48;J.G.P. (Joyce) Vermue;V;2223254;626;PVDA;38;36;37;37;48;52;36;0.0;2240539.2;0.5
304;49;H. (Harm) Brouwer;M;2223254;431;PVDA;38;36;37;37;48;52;36;0.0;2240539.2;0.5
305;50;A.A. (Amma) Asante;V;2223254;4549;PVDA;38;36;37;37;48;52;36;0.0;2240539.2;0.5
306;51;R. (Rien) van der Velde;M;2223254;2339;PVDA;38;36;37;37;48;52;36;0.0;2240539.2;0.5
307;52;N. (Nurten) Karisli;V;2223254;5243;PVDA;38;36;37;37;48;52;36;0.0;2240539.2;0.5
308;53;E. (Emre) Ünver;M;2223254;2016;PVDA;38;36;37;37;48;52;36;0.0;2240539.2;0.5
309;54;E.G. (Eefke) Meijerink;V;2223254;985;PVDA;38;36;37;37;48;52;36;0.0;2240539.2;0.5
310;55;A.H. (Alvin) Riley;M;2223254;473;PVDA;38;36;37;37;48;52;36;0.0;2240539.2;0.5
311;56;A.L. (Anne) Koning;V;2223254;528;PVDA;38;36;37;37;48;52;36;0.0;2240539.2;0.5
312;57;F.T.S. (Fijko) van der Laan;M;2223254;349;PVDA;38;36;37;37;48;52;36;0.0;2240539.2;0.5
313;58;A. (Anne) de Rooij;V;2223254;338;PVDA;38;36;37;37;48;52;36;0.0;2240539.2;0.5
314;59;P.J. (Paul) van Liempd;M;2223254;433;PVDA;38;36;37;37;48;52;36;0.0;2240539.2;0.5
315;60;M.W. (Marleen) Haage;V;2223254;548;PVDA;38;36;37;37;48;52;36;0.0;2240539.2;0.5
316;61;W.M. (Marijn) van Ballegooijen;M;2223254;361;PVDA;38;36;37;37;48;52;36;0.0;2240539.2;0.5
317;62;G. (Gritta) Nottelman;V;2223254;284;PVDA;38;36;37;37;48;52;36;0.0;2240539.2;0.5
318;63;E. (Bert) Hemsteede;M;2223254;248;PVDA;38;36;37;37;48;52;36;0.0;2240539.2;0.5
319;64;J.M. (Anne Marie) Hoogland;V;2223254;256;PVDA;38;36;37;37;48;52;36;0.0;2240539.2;0.5
320;65;P. (Peter) de Haan;M;2223254;335;PVDA;38;36;37;37;48;52;36;0.0;2240539.2;0.5
321;66;F.F. (Femke) van Drooge;V;2223254;401;PVDA;38;36;37;37;48;52;36;0.0;2240539.2;0.5
322;67;Y.M.M. (Yvonne) Morselt-de Ruijter;V;2223254;419;PVDA;38;36;37;37;48;52;36;0.0;2240539.2;0.5
323;68;E.H. (Ward) Deckers;M;2223254;308;PVDA;38;36;37;37;48;52;36;0.0;2240539.2;0.5
324;69;A.H.G. (Anja) van Zantvoort;V;2223254;275;PVDA;38;36;37;37;48;52;36;0.0;2240539.2;0.5
325;70;E.M. (Marieke) van Duijn;V;2223254;267;PVDA;38;36;37;37;48;52;36;0.0;2240539.2;0.5
326;71;X.J. (Xander) den Uijl;M;2223254;324;PVDA;38;36;37;37;48;52;36;0.0;2240539.2;0.5
327;72;S.E.A. (Saskia) den Uijl;V;2223254;621;PVDA;38;36;37;37;48;52;36;0.0;2240539.2;0.5
328;73;M. (Mohamed) Allach;M;2223254;1482;PVDA;38;36;37;37;48;52;36;0.0;2240539.2;0.5
329;74;M. (Maarten) van Rossem;M;2223254;5929;PVDA;38;36;37;37;48;52;36;0.0;2240539.2;0.5
330;1;G. (Geert) Wilders;M;1111627;886314;PVV;15;18;35;14;56;44;14;1.0;1120269.6;0.5
331;2;M. (Fleur) Agema;V;1111627;34943;PVV;15;18;35;14;56;44;14;1.0;1120269.6;0.5
332;3;M. (Martin) Bosma;M;1111627;3808;PVV;15;18;35;14;56;44;14;1.0;1120269.6;0.5
333;4;L.M.J.S. (Lilian) Helder;V;1111627;3794;PVV;15;18;35;14;56;44;14;1.0;1120269.6;0.5
334;5;L. (Louis) Bontes;M;1111627;958;PVV;15;18;35;14;56;44;14;1.0;1120269.6;0.5
335;6;A.P.C. (Tony) van Dijck;M;1111627;590;PVV;15;18;35;14;56;44;14;1.0;1120269.6;0.5
336;7;S.R. (Sietse) Fritsma;M;1111627;644;PVV;15;18;35;14;56;44;14;1.0;1120269.6;0.5
337;8;B. (Barry) Madlener;M;1111627;829;PVV;15;18;35;14;56;44;14;1.0;1120269.6;0.5
338;9;J.J. (Joram) van Klaveren;M;1111627;581;PVV;15;18;35;14;56;44;14;1.0;1120269.6;0.5
339;10;H.J. (Harm) Beertema;M;1111627;433;PVV;15;18;35;14;56;44;14;1.0;1120269.6;0.5
340;11;D.J.G. (Dion) Graus;M;1111627;2387;PVV;15;18;35;14;56;44;14;1.0;1120269.6;0.5
341;12;R.J. (Reinette) Klever;V;1111627;694;PVV;15;18;35;14;56;44;14;1.0;1120269.6;0.5
342;13;R.A. (Roland) van Vliet;M;1111627;1113;PVV;15;18;35;14;56;44;14;1.0;1120269.6;0.5
343;14;R. (Raymond) de Roon;M;1111627;347;PVV;15;18;35;14;56;44;14;1.0;1120269.6;0.5
344;15;M. (Machiel) de Graaf;M;1111627;376;PVV;15;18;35;14;56;44;14;1.0;1120269.6;0.5
345;16;K. (Karen) Gerbrands;V;1111627;342;PVV;15;18;35;14;56;44;14;0.0;1120269.6;0.5
346;17;L.W.E. (Léon) de Jong;M;1111627;435;PVV;15;18;35;14;56;44;14;0.0;1120269.6;0.5
347;18;V.D.D. (Danai) van Weerdenburg;V;1111627;461;PVV;15;18;35;14;56;44;14;0.0;1120269.6;0.5
348;19;I.H.C. (Ino) van den Besselaar;M;1111627;386;PVV;15;18;35;14;56;44;14;0.0;1120269.6;0.5
349;20;A. (Andre) Elissen;M;1111627;221;PVV;15;18;35;14;56;44;14;0.0;1120269.6;0.5
350;21;V. (Vicky) Maeijer;V;1111627;423;PVV;15;18;35;14;56;44;14;0.0;1120269.6;0.5
351;22;J.H.A. (Johan) Driessen;M;1111627;143;PVV;15;18;35;14;56;44;14;0.0;1120269.6;0.5
352;23;W.R. (Willie) Dille;V;1111627;230;PVV;15;18;35;14;56;44;14;0.0;1120269.6;0.5
353;24;D. (Daniël) ter Haar;M;1111627;890;PVV;15;18;35;14;56;44;14;0.0;1120269.6;0.5
354;25;S.S. (Stephan) Jansen;M;1111627;247;PVV;15;18;35;14;56;44;14;0.0;1120269.6;0.5
355;26;H.W. (Marc) van den Berg;M;1111627;362;PVV;15;18;35;14;56;44;14;0.0;1120269.6;0.5
356;27;A. (Alexander) Kops;M;1111627;229;PVV;15;18;35;14;56;44;14;0.0;1120269.6;0.5
357;28;E. (Edgar) Mulder;M;1111627;531;PVV;15;18;35;14;56;44;14;0.0;1120269.6;0.5
358;29;G.J.F. (Gabriëlle) Popken;V;1111627;210;PVV;15;18;35;14;56;44;14;0.0;1120269.6;0.5
359;30;P.R. (Paul) ter Linden;M;1111627;288;PVV;15;18;35;14;56;44;14;0.0;1120269.6;0.5
360;31;G.P.N. (Gijs) Moonen;M;1111627;84;PVV;15;18;35;14;56;44;14;0.0;1120269.6;0.5
361;32;P. (Patricia) van der Kammen;V;1111627;627;PVV;15;18;35;14;56;44;14;0.0;1120269.6;0.5
362;33;E.J. (Elly) Broere-Kaal;V;1111627;212;PVV;15;18;35;14;56;44;14;0.0;1120269.6;0.5
363;34;A.S. (Addie) Wisse;V;1111627;460;PVV;15;18;35;14;56;44;14;0.0;1120269.6;0.5
364;35;Y.R.K. (Yvonne) Waterman;V;1111627;359;PVV;15;18;35;14;56;44;14;0.0;1120269.6;0.5
365;36;A.W.J.A. (Alexander) van Hattem;M;1111627;213;PVV;15;18;35;14;56;44;14;0.0;1120269.6;0.5
366;37;J.D. (Jenny) Zerfowski;V;1111627;210;PVV;15;18;35;14;56;44;14;0.0;1120269.6;0.5
367;38;A.J.M. (Ton) van Kesteren;M;1111627;955;PVV;15;18;35;14;56;44;14;0.0;1120269.6;0.5
368;39;F. (Floris) van Zonneveld;M;1111627;223;PVV;15;18;35;14;56;44;14;0.0;1120269.6;0.5
369;40;I.B. (Irene) Joosse;V;1111627;265;PVV;15;18;35;14;56;44;14;0.0;1120269.6;0.5
370;41;J.W. (John) van Assendelft;M;1111627;136;PVV;15;18;35;14;56;44;14;0.0;1120269.6;0.5
371;42;M.J. (Martin) van Beek;M;1111627;90;PVV;15;18;35;14;56;44;14;0.0;1120269.6;0.5
372;43;W. (Willem) Boutkan;M;1111627;76;PVV;15;18;35;14;56;44;14;0.0;1120269.6;0.5
373;44;E. (Emiel) van Dijk;M;1111627;199;PVV;15;18;35;14;56;44;14;0.0;1120269.6;0.5
374;45;P. (Peter) van Dijk;M;1111627;412;PVV;15;18;35;14;56;44;14;0.0;1120269.6;0.5
375;46;R. (Ronald) Dol;M;1111627;332;PVV;15;18;35;14;56;44;14;0.0;1120269.6;0.5
376;47;J.J.A.M. (Johannes) van Hooff;M;1111627;100;PVV;15;18;35;14;56;44;14;0.0;1120269.6;0.5
377;48;M.J.R.L. (Marcel) de Graaff;M;1111627;157;PVV;15;18;35;14;56;44;14;0.0;1120269.6;0.5
378;49;R. (Ronald) Sörensen;M;1111627;1944;PVV;15;18;35;14;56;44;14;0.0;1120269.6;0.5
379;1;C.G. (Kees) van der Staaij;M;185271;182189;SGP;3;3;30;0;49;51;0;1.0;186711.6;0.5
380;2;E. (Elbert) Dijkgraaf;M;185271;5436;SGP;3;3;30;0;49;51;0;1.0;186711.6;0.5
381;3;R. (Roelof) Bisschop;M;185271;2234;SGP;3;3;30;0;49;51;0;1.0;186711.6;0.5
382;4;S. (Servaas) Stoop;M;185271;765;SGP;3;3;30;0;49;51;0;0.0;186711.6;0.5
383;5;J.P. (Hans) Tanis;M;185271;347;SGP;3;3;30;0;49;51;0;0.0;186711.6;0.5
384;6;D.J.H. (Diederik) van Dijk;M;185271;243;SGP;3;3;30;0;49;51;0;0.0;186711.6;0.5
385;7;G.P. (Geert) Schipaanboord;M;185271;486;SGP;3;3;30;0;49;51;0;0.0;186711.6;0.5
386;8;A. (Arnold) Weggeman;M;185271;256;SGP;3;3;30;0;49;51;0;0.0;186711.6;0.5
387;9;W.J. (Wim) van Duijn;M;185271;598;SGP;3;3;30;0;49;51;0;0.0;186711.6;0.5
388;10;P.A. (Peter) Zevenbergen;M;185271;204;SGP;3;3;30;0;49;51;0;0.0;186711.6;0.5
389;11;A.J.C. (Christian) van Bemmel;M;185271;204;SGP;3;3;30;0;49;51;0;0.0;186711.6;0.5
390;12;L. (Leendert) de Knegt;M;185271;426;SGP;3;3;30;0;49;51;0;0.0;186711.6;0.5
391;13;S. (Sytse) de Jong;M;185271;321;SGP;3;3;30;0;49;51;0;0.0;186711.6;0.5
392;14;M. (Rien) Bogerd;M;185271;519;SGP;3;3;30;0;49;51;0;0.0;186711.6;0.5
393;15;D. (Dick) van Meeuwen;M;185271;216;SGP;3;3;30;0;49;51;0;0.0;186711.6;0.5
394;16;T. (Teun) van Oostenbrugge;M;185271;354;SGP;3;3;30;0;49;51;0;0.0;186711.6;0.5
395;17;E.G. (Ewart) Bosma;M;185271;283;SGP;3;3;30;0;49;51;0;0.0;186711.6;0.5
396;18;J. (Jan) Noeverman;M;185271;103;SGP;3;3;30;0;49;51;0;0.0;186711.6;0.5
397;19;T. (Tom) Bakker;M;185271;137;SGP;3;3;30;0;49;51;0;0.0;186711.6;0.5
398;20;R.A.C. (Richard) Donk;M;185271;91;SGP;3;3;30;0;49;51;0;0.0;186711.6;0.5
399;21;J.J. (Jan) Luteijn;M;185271;94;SGP;3;3;30;0;49;51;0;0.0;186711.6;0.5
400;22;M. (Marcel) de Haas;M;185271;104;SGP;3;3;30;0;49;51;0;0.0;186711.6;0.5
401;23;L.G.I. (Leo) Barth;M;185271;81;SGP;3;3;30;0;49;51;0;0.0;186711.6;0.5
402;24;P. (Peter) Schalk;M;185271;146;SGP;3;3;30;0;49;51;0;0.0;186711.6;0.5
403;25;W. (Wim) van Wikselaar;M;185271;84;SGP;3;3;30;0;49;51;0;0.0;186711.6;0.5
404;26;H. (Henk) Kievit;M;185271;84;SGP;3;3;30;0;49;51;0;0.0;186711.6;0.5
405;27;A.I.G. (Ad) Dorst;M;185271;262;SGP;3;3;30;0;49;51;0;0.0;186711.6;0.5
406;28;H.F. (Henk) Massink;M;185271;75;SGP;3;3;30;0;49;51;0;0.0;186711.6;0.5
407;29;W. (Wim) de Vries;M;185271;134;SGP;3;3;30;0;49;51;0;0.0;186711.6;0.5
408;30;J.W. (Jan Willem) Benschop;M;185271;304;SGP;3;3;30;0;49;51;0;0.0;186711.6;0.5
409;1;E.G.M. (Emile) Roemer;M;1235141;755765;SP;15;20;29;16;43;57;16;1.0;1244744.0;0.5
410;2;R.M. (Renske) Leijten;V;1235141;69146;SP;15;20;29;16;43;57;16;1.0;1244744.0;0.5
411;3;A.A.G.M. (Ronald) van Raak;M;1235141;4527;SP;15;20;29;16;43;57;16;1.0;1244744.0;0.5
412;4;H. (Harry) van Bommel;M;1235141;10021;SP;15;20;29;16;43;57;16;1.0;1244744.0;0.5
413;5;J.M.A.M. (Jan) de Wit;M;1235141;8977;SP;15;20;29;16;43;57;16;1.0;1244744.0;0.5
414;6;S. (Sadet) Karabulut;V;1235141;10572;SP;15;20;29;16;43;57;16;1.0;1244744.0;0.5
415;7;S.M.J.G. (Sharon) Gesthuizen;V;1235141;5155;SP;15;20;29;16;43;57;16;1.0;1244744.0;0.5
416;8;J.J. (Jasper) van Dijk;M;1235141;1506;SP;15;20;29;16;43;57;16;1.0;1244744.0;0.5
417;9;P. (Paul) Ulenbelt;M;1235141;958;SP;15;20;29;16;43;57;16;1.0;1244744.0;0.5
418;10;H.P.J. (Henk) van Gerven;M;1235141;2111;SP;15;20;29;16;43;57;16;1.0;1244744.0;0.5
419;11;M. (Manja) Smits;V;1235141;2783;SP;15;20;29;16;43;57;16;1.0;1244744.0;0.5
420;12;P.F.C. (Paulus) Jansen;M;1235141;994;SP;15;20;29;16;43;57;16;1.0;1244744.0;0.5
421;13;F. (Farshad) Bashir;M;1235141;2065;SP;15;20;29;16;43;57;16;1.0;1244744.0;0.5
422;14;C.J.E. (Nine) Kooiman;V;1235141;1435;SP;15;20;29;16;43;57;16;1.0;1244744.0;0.5
423;15;A.Z. (Arnold) Merkies;M;1235141;343;SP;15;20;29;16;43;57;16;1.0;1244744.0;0.5
424;16;E.M.A. (Eric) Smaling;M;1235141;626;SP;15;20;29;16;43;57;16;0.0;1244744.0;0.5
425;17;M. (Michiel) van Nispen;M;1235141;1206;SP;15;20;29;16;43;57;16;0.0;1244744.0;0.5
426;18;T.E. (Tjitske) Siderius;V;1235141;3009;SP;15;20;29;16;43;57;16;0.0;1244744.0;0.5
427;19;L.P.M. (Leo) de Kleijn;M;1235141;1393;SP;15;20;29;16;43;57;16;0.0;1244744.0;0.5
428;20;I. (Ike) Teuling;V;1235141;1434;SP;15;20;29;16;43;57;16;0.0;1244744.0;0.5
429;21;N.M. (Nicole) van Gemert;V;1235141;1469;SP;15;20;29;16;43;57;16;0.0;1244744.0;0.5
430;22;H.A.J.M. (Henri) Swinkels;M;1235141;880;SP;15;20;29;16;43;57;16;0.0;1244744.0;0.5
431;23;M.M. (Maureen) van der Pligt;V;1235141;871;SP;15;20;29;16;43;57;16;0.0;1244744.0;0.5
432;24;H.P.M. (Maarten) Hijink;M;1235141;283;SP;15;20;29;16;43;57;16;0.0;1244744.0;0.5
433;25;N.T. (Tiers) Bakker;M;1235141;400;SP;15;20;29;16;43;57;16;0.0;1244744.0;0.5
434;26;E. (Erik) de Vries;M;1235141;982;SP;15;20;29;16;43;57;16;0.0;1244744.0;0.5
435;27;D.H. (Daniël) de Wit;M;1235141;417;SP;15;20;29;16;43;57;16;0.0;1244744.0;0.5
436;28;A.M.T. (Anneke) Wezel;V;1235141;589;SP;15;20;29;16;43;57;16;0.0;1244744.0;0.5
437;29;T.H.C. (Thijs) Coppus;M;1235141;1443;SP;15;20;29;16;43;57;16;0.0;1244744.0;0.5
438;30;M.P. (Meta) Meijer;V;1235141;359;SP;15;20;29;16;43;57;16;0.0;1244744.0;0.5
439;31;P.J. (Patrick) van Lunteren;M;1235141;441;SP;15;20;29;16;43;57;16;0.0;1244744.0;0.5
440;32;C. (Chris) Schaeffer;M;1235141;130;SP;15;20;29;16;43;57;16;0.0;1244744.0;0.5
441;33;F. (Femke) Reudler Talsma;V;1235141;400;SP;15;20;29;16;43;57;16;0.0;1244744.0;0.5
442;34;H.J. (Hugo) Polderman;M;1235141;360;SP;15;20;29;16;43;57;16;0.0;1244744.0;0.5
443;35;J.P. (Peter) Kwint;M;1235141;290;SP;15;20;29;16;43;57;16;0.0;1244744.0;0.5
444;36;P.H. (Pim) Siegers;M;1235141;1035;SP;15;20;29;16;43;57;16;0.0;1244744.0;0.5
445;37;R. (Lies) van Aelst;V;1235141;598;SP;15;20;29;16;43;57;16;0.0;1244744.0;0.5
446;38;B. (Bart) van Kent;M;1235141;149;SP;15;20;29;16;43;57;16;0.0;1244744.0;0.5
447;39;N.A. (Niels) Jongerius;M;1235141;175;SP;15;20;29;16;43;57;16;0.0;1244744.0;0.5
448;40;L. (Lieke) van Rossum;V;1235141;691;SP;15;20;29;16;43;57;16;0.0;1244744.0;0.5
449;41;H.M. (Hans Martin) Don;M;1235141;500;SP;15;20;29;16;43;57;16;0.0;1244744.0;0.5
450;42;E. (Eelco) Eikenaar;M;1235141;1360;SP;15;20;29;16;43;57;16;0.0;1244744.0;0.5
451;43;J.W. (Willem) Bouman;M;1235141;584;SP;15;20;29;16;43;57;16;0.0;1244744.0;0.5
452;44;B. (Trix) de Roos-Consemulder;V;1235141;1613;SP;15;20;29;16;43;57;16;0.0;1244744.0;0.5
453;45;J. (Jamila) Yahyaoui;V;1235141;1803;SP;15;20;29;16;43;57;16;0.0;1244744.0;0.5
454;1;M. (Mark) Rutte;M;2223254;2129000;VVD;41;36;51;24;57;43;24;1.0;2240539.2;0.5
455;2;E.I. (Edith) Schippers;V;2223254;123889;VVD;41;36;51;24;57;43;24;1.0;2240539.2;0.5
456;3;S.A. (Stef) Blok;M;2223254;9316;VVD;41;36;51;24;57;43;24;1.0;2240539.2;0.5
457;4;A. (Anouchka) van Miltenburg;V;2223254;13677;VVD;41;36;51;24;57;43;24;1.0;2240539.2;0.5
458;5;F. (Fred) Teeven;M;2223254;35103;VVD;41;36;51;24;57;43;24;1.0;2240539.2;0.5
459;6;J.A. (Jeanine) Hennis-Plasschaert;V;2223254;39197;VVD;41;36;51;24;57;43;24;1.0;2240539.2;0.5
460;7;H. (Halbe) Zijlstra;M;2223254;4285;VVD;41;36;51;24;57;43;24;1.0;2240539.2;0.5
461;8;F.H.H. (Frans) Weekers;M;2223254;12409;VVD;41;36;51;24;57;43;24;1.0;2240539.2;0.5
462;9;M.G.J. (Mark) Harbers;M;2223254;3234;VVD;41;36;51;24;57;43;24;1.0;2240539.2;0.5
463;10;T. (Tamara) Venrooy-van Ark;V;2223254;4343;VVD;41;36;51;24;57;43;24;1.0;2240539.2;0.5
464;11;B.G. (Betty) de Boer;V;2223254;7786;VVD;41;36;51;24;57;43;24;1.0;2240539.2;0.5
465;12;J.H. (Han) ten Broeke;M;2223254;14403;VVD;41;36;51;24;57;43;24;1.0;2240539.2;0.5
466;13;C. (Cora) van Nieuwenhuizen-Wijbenga;V;2223254;4636;VVD;41;36;51;24;57;43;24;1.0;2240539.2;0.5
467;14;H. (Helma) Neppérus;V;2223254;1904;VVD;41;36;51;24;57;43;24;1.0;2240539.2;0.5
468;15;G.A. (Ard) van der Steur;M;2223254;2021;VVD;41;36;51;24;57;43;24;1.0;2240539.2;0.5
469;16;K.H.D.M. (Klaas) Dijkhoff;M;2223254;3200;VVD;41;36;51;24;57;43;24;1.0;2240539.2;0.5
470;17;T.M.C. (Ton) Elias;M;2223254;1555;VVD;41;36;51;24;57;43;24;1.0;2240539.2;0.5
471;18;A. (Anne) Mulder;M;2223254;1204;VVD;41;36;51;24;57;43;24;1.0;2240539.2;0.5
472;19;M.L. (Mark) Verheijen;M;2223254;8993;VVD;41;36;51;24;57;43;24;1.0;2240539.2;0.5
473;20;M. (Malik) Azmani;M;2223254;1874;VVD;41;36;51;24;57;43;24;1.0;2240539.2;0.5
474;21;B. (Barbara) Visser;V;2223254;3509;VVD;41;36;51;24;57;43;24;1.0;2240539.2;0.5
475;22;W.J.H. (Helma) Lodders;V;2223254;3734;VVD;41;36;51;24;57;43;24;1.0;2240539.2;0.5
476;23;P.J. (Pieter) Duisenberg;M;2223254;2862;VVD;41;36;51;24;57;43;24;1.0;2240539.2;0.5
477;24;E. (Erik) Ziengs;M;2223254;8948;VVD;41;36;51;24;57;43;24;1.0;2240539.2;0.5
478;25;P.J.M. (Pieter) Litjens;M;2223254;2010;VVD;41;36;51;24;57;43;24;1.0;2240539.2;0.5
479;26;B.I. (Brigitte) van der Burg;V;2223254;1303;VVD;41;36;51;24;57;43;24;1.0;2240539.2;0.5
480;27;B. (Bas) van 't Wout;M;2223254;1178;VVD;41;36;51;24;57;43;24;1.0;2240539.2;0.5
481;28;A.W. (Anne-Wil) Lucas-Smeerdijk;V;2223254;1733;VVD;41;36;51;24;57;43;24;1.0;2240539.2;0.5
482;29;A. (André) Bosman;M;2223254;6732;VVD;41;36;51;24;57;43;24;1.0;2240539.2;0.5
483;30;R.W. (René) Leegte;M;2223254;3319;VVD;41;36;51;24;57;43;24;1.0;2240539.2;0.5
484;31;R.J. (Remco) Dijkstra;M;2223254;1130;VVD;41;36;51;24;57;43;24;1.0;2240539.2;0.5
485;32;O.C. (Ockje) Tellegen;V;2223254;1470;VVD;41;36;51;24;57;43;24;1.0;2240539.2;0.5
486;33;F. (Foort) van Oosten;M;2223254;634;VVD;41;36;51;24;57;43;24;1.0;2240539.2;0.5
487;34;K.C.J. (Karin) Straus;V;2223254;6800;VVD;41;36;51;24;57;43;24;1.0;2240539.2;0.5
488;35;M.E. (Matthijs) Huizing;M;2223254;1194;VVD;41;36;51;24;57;43;24;1.0;2240539.2;0.5
489;36;B.C. (Bart) de Liefde;M;2223254;2163;VVD;41;36;51;24;57;43;24;1.0;2240539.2;0.5
490;37;M.S. (Michiel) van Veen;M;2223254;1305;VVD;41;36;51;24;57;43;24;1.0;2240539.2;0.5
491;38;A.C.L. (Arno) Rutte;M;2223254;1874;VVD;41;36;51;24;57;43;24;1.0;2240539.2;0.5
492;39;Y. (Ybeltje) Berckmoes-Duindam;V;2223254;1196;VVD;41;36;51;24;57;43;24;1.0;2240539.2;0.5
493;40;A. (Anoushka) Schut-Welkzijn;V;2223254;860;VVD;41;36;51;24;57;43;24;1.0;2240539.2;0.5
494;41;I.S.H. (Ingrid) de Caluwé;V;2223254;556;VVD;41;36;51;24;57;43;24;1.0;2240539.2;0.5
495;42;R.E. (Roald) van der Linde;M;2223254;857;VVD;41;36;51;24;57;43;24;0.0;2240539.2;0.5
496;43;J. (Johan) Houwers;M;2223254;3709;VVD;41;36;51;24;57;43;24;0.0;2240539.2;0.5
497;44;J. (Joost) Taverne;M;2223254;2207;VVD;41;36;51;24;57;43;24;0.0;2240539.2;0.5
498;45;A. (Aukje) de Vries;V;2223254;1352;VVD;41;36;51;24;57;43;24;0.0;2240539.2;0.5
499;46;R. (Ronald) Vuijk;M;2223254;204;VVD;41;36;51;24;57;43;24;0.0;2240539.2;0.5
500;47;S.C.C.M. (Sjoerd) Potters;M;2223254;443;VVD;41;36;51;24;57;43;24;0.0;2240539.2;0.5
501;48;R.J. (Rudmer) Heerema;M;2223254;777;VVD;41;36;51;24;57;43;24;0.0;2240539.2;0.5
502;49;H.S. (Hayke) Veldman;M;2223254;728;VVD;41;36;51;24;57;43;24;0.0;2240539.2;0.5
503;50;P.J.M.J. (Perjan) Moors;M;2223254;1225;VVD;41;36;51;24;57;43;24;0.0;2240539.2;0.5
504;51;J. (Jeroen) van Wijngaarden;M;2223254;1974;VVD;41;36;51;24;57;43;24;0.0;2240539.2;0.5
505;52;C.N.A. (Chantal) Nijkerken-de Haan;V;2223254;1536;VVD;41;36;51;24;57;43;24;0.0;2240539.2;0.5
506;53;L.A. (Leendert) de Lange;M;2223254;709;VVD;41;36;51;24;57;43;24;0.0;2240539.2;0.5
507;54;R.P.G. (Remco) Bosma;M;2223254;406;VVD;41;36;51;24;57;43;24;0.0;2240539.2;0.5
508;55;N. (Nina) Hofstra;V;2223254;576;VVD;41;36;51;24;57;43;24;0.0;2240539.2;0.5
509;56;D.A. (Daniël) van der Ree;M;2223254;245;VVD;41;36;51;24;57;43;24;0.0;2240539.2;0.5
510;57;J.B. (Joost) Helms;M;2223254;953;VVD;41;36;51;24;57;43;24;0.0;2240539.2;0.5
511;58;J.H. (Jock) Geselschap;M;2223254;790;VVD;41;36;51;24;57;43;24;0.0;2240539.2;0.5
512;59;J. (Jeltje) Hoekstra-Sikkema;V;2223254;631;VVD;41;36;51;24;57;43;24;0.0;2240539.2;0.5
513;60;C. (Christianne) van der Wal-Zeggelink;V;2223254;548;VVD;41;36;51;24;57;43;24;0.0;2240539.2;0.5
514;61;B.J.A. (Bernd) Roks;M;2223254;339;VVD;41;36;51;24;57;43;24;0.0;2240539.2;0.5
515;62;B.M.G. (Bart) Smals;M;2223254;591;VVD;41;36;51;24;57;43;24;0.0;2240539.2;0.5
516;63;J.M. (Joost) van Keulen;M;2223254;296;VVD;41;36;51;24;57;43;24;0.0;2240539.2;0.5
517;64;E. (Erik) Struijlaart;M;2223254;353;VVD;41;36;51;24;57;43;24;0.0;2240539.2;0.5
518;65;S.S.E. (Sjoerd) Osinga;M;2223254;169;VVD;41;36;51;24;57;43;24;0.0;2240539.2;0.5
519;66;M.A.J. (Mark) Snoeren;M;2223254;519;VVD;41;36;51;24;57;43;24;0.0;2240539.2;0.5
520;67;H.J.P.E. (Hubert) Koevoets;M;2223254;337;VVD;41;36;51;24;57;43;24;0.0;2240539.2;0.5
521;68;D.A.N. (Daniel) Koerhuis;M;2223254;118;VVD;41;36;51;24;57;43;24;0.0;2240539.2;0.5
522;69;J. (Jasper) Mos;M;2223254;315;VVD;41;36;51;24;57;43;24;0.0;2240539.2;0.5
523;70;T. (Tatjana) Šormaz;V;2223254;547;VVD;41;36;51;24;57;43;24;0.0;2240539.2;0.5
524;71;B.M.H. (Baerte) de Brey;M;2223254;254;VVD;41;36;51;24;57;43;24;0.0;2240539.2;0.5
525;72;A. (Asraa) Abdullatif;V;2223254;704;VVD;41;36;51;24;57;43;24;0.0;2240539.2;0.5
526;73;T.K. (Tine) Schaafsma-Buijs;V;2223254;792;VVD;41;36;51;24;57;43;24;0.0;2240539.2;0.5
527;74;R.G.J. (Roel) Lauwerier;M;2223254;508;VVD;41;36;51;24;57;43;24;0.0;2240539.2;0.5
528;75;E.J. (Erik) Koppe;M;2223254;2697;VVD;41;36;51;24;57;43;24;0.0;2240539.2;0.5
